player,position,team,opponent,floor,median,ceiling,actual,naive,status,error
Josh Allen,QB,BUF,LAC,11.6,20.9,34.2,17.46,33.22,scored,-3.44
Kenneth Walker III,RB,KC,MIA,6.9,16.7,29.3,21.3,25.07,scored,4.6
Patrick Mahomes,QB,KC,MIA,10.0,20.1,29.5,15.94,21.23,scored,-4.16
Brock Purdy,QB,SF,ARI,9.8,19.7,29.9,31.28,18.25,scored,11.58
Amon-Ra St. Brown,WR,DET,NYJ,6.7,16.3,29.9,11.9,29.6,scored,-4.4
Derrick Henry,RB,BAL,DAL,7.4,16.8,28.2,21.9,21.87,scored,5.1
Jahmyr Gibbs,RB,DET,NYJ,8.1,18.2,29.4,41.4,25.73,scored,23.2
Lamar Jackson,QB,BAL,DAL,9.3,17.9,30.5,20.44,20.06,scored,2.54
Christian McCaffrey,RB,SF,ARI,7.5,18.1,29.6,21.6,16.03,scored,3.5
Dak Prescott,QB,DAL,BAL,6.2,18.2,28.9,18.94,14.95,scored,0.74
Jalen Hurts,QB,PHI,CHI,6.2,17.2,28.6,12.62,16.59,scored,-4.58
Jaxon Smith-Njigba,WR,SEA,WAS,6.2,15.2,27.6,35.36,27.7,scored,20.16
Jared Goff,QB,DET,NYJ,8.4,17.6,27.7,19.36,20.49,scored,1.76
Puka Nacua,WR,LA,DEN,6.7,14.7,27.5,,18.03,no_stats,
CeeDee Lamb,WR,DAL,BAL,5.4,13.7,26.0,20.2,17.37,scored,6.5
Joe Burrow,QB,CIN,PIT,6.8,16.6,27.9,22.58,17.16,scored,5.98
Matthew Stafford,QB,LA,DEN,6.8,16.4,26.4,20.9,19.25,scored,4.5
Ja'Marr Chase,WR,CIN,PIT,5.4,14.3,26.6,24.8,17.77,scored,10.5
Trevor Lawrence,QB,JAX,NE,5.7,16.8,25.7,19.78,18.52,scored,2.98
Trey McBride,TE,ARI,SF,4.3,12.3,24.6,16.5,18.7,scored,4.2
Davante Adams,WR,LA,DEN,4.3,12.9,25.6,20.7,18.73,scored,7.8
Tyler Shough,QB,NO,LV,5.1,16.3,26.5,23.8,22.45,scored,7.5
Chris Olave,WR,NO,LV,7.5,14.3,27.3,19.7,25.57,scored,5.4
C.J. Stroud,QB,HOU,IND,5.5,15.1,24.9,11.68,16.91,scored,-3.42
Justin Herbert,QB,LAC,BUF,6.9,15.0,25.3,12.74,12.09,scored,-2.26
Bucky Irving,RB,TB,MIN,4.7,12.8,25.1,7.8,14.7,scored,-5.0
Deshaun Watson,QB,CLE,CAR,5.8,14.9,25.6,20.26,12.95,scored,5.36
Bo Nix,QB,DEN,LA,5.7,15.1,24.6,24.14,10.03,scored,9.04
James Cook,RB,BUF,LAC,4.6,13.0,24.8,19.4,10.77,scored,6.4
Omarion Hampton,RB,LAC,BUF,4.1,11.7,26.1,5.6,15.27,scored,-6.1
Ashton Jeanty,RB,LV,NO,6.9,14.3,26.1,12.3,18.47,scored,-2.0
Caleb Williams,QB,CHI,PHI,5.6,15.1,25.5,,20.52,no_stats,
DeVonta Smith,WR,PHI,CHI,4.2,12.7,24.7,12.5,14.73,scored,-0.2
Bryce Young,QB,CAR,CLE,5.7,15.6,25.3,13.64,24.02,scored,-1.96
Jonathan Taylor,RB,IND,HOU,7.5,14.3,25.2,9.2,20.07,scored,-5.1
Chase Brown,RB,CIN,PIT,5.2,12.7,25.6,8.9,16.33,scored,-3.8
Breece Hall,RB,NYJ,DET,4.9,12.2,23.8,8.5,18.3,scored,-3.7
Drake Maye,QB,NE,JAX,5.9,15.4,25.5,3.76,11.19,scored,-11.64
Justin Jefferson,WR,MIN,TB,4.5,13.9,26.1,5.2,19.37,scored,-8.7
Nico Collins,WR,HOU,IND,4.3,12.1,24.1,,13.27,no_stats,
Jayden Daniels,QB,WAS,SEA,4.2,14.9,25.4,,11.71,no_stats,
Jordan Love,QB,GB,ATL,2.9,14.2,23.7,18.48,12.35,scored,4.28
Carson Wentz,QB,MIN,TB,2.9,14.3,24.1,,11.1,no_stats,
De'Von Achane,RB,MIA,KC,4.6,13.2,25.0,1.7,12.37,scored,-11.5
Travis Kelce,TE,KC,MIA,4.2,11.8,22.6,13.9,13.13,scored,2.1
Zay Flowers,WR,BAL,DAL,4.9,12.9,24.8,15.4,22.93,scored,2.5
Rashee Rice,WR,KC,MIA,3.4,12.0,24.2,15.8,11.43,scored,3.8
Sam LaPorta,TE,DET,NYJ,3.2,10.3,20.4,7.4,12.43,scored,-2.9
Javonte Williams,RB,DAL,BAL,4.1,12.0,23.2,18.3,14.53,scored,6.3
Geno Smith,QB,NYJ,DET,3.2,13.5,24.0,26.04,10.67,scored,12.54
Baker Mayfield,QB,TB,MIN,4.1,13.4,24.7,11.28,12.35,scored,-2.12
Bijan Robinson,RB,ATL,GB,6.6,15.3,26.6,35.3,16.57,scored,20.0
Kirk Cousins,QB,LV,NO,5.0,14.1,24.4,22.22,14.41,scored,8.12
Daniel Jones,QB,IND,HOU,1.4,13.1,23.0,7.9,7.08,scored,-5.2
Tee Higgins,WR,CIN,PIT,3.8,11.8,24.3,21.0,14.03,scored,9.2
George Kittle,TE,SF,ARI,3.3,10.7,21.6,26.2,9.7,scored,15.5
Parker Washington,WR,JAX,NE,4.2,11.1,23.0,13.0,18.6,scored,1.9
Kyren Williams,RB,LA,DEN,4.2,12.4,23.5,21.8,14.1,scored,9.4
George Pickens,WR,DAL,BAL,3.2,11.2,22.8,15.2,5.9,scored,4.0
Garrett Wilson,WR,NYJ,DET,3.9,11.4,22.6,26.7,10.2,scored,15.3
Jacoby Brissett,QB,ARI,SF,3.2,13.5,22.0,25.6,12.87,scored,12.1
Malik Willis,QB,MIA,KC,3.1,12.3,22.9,10.0,20.23,scored,-2.3
Tetairoa McMillan,WR,CAR,CLE,3.6,11.1,22.5,3.7,12.7,scored,-7.4
Denzel Boston,WR,CLE,CAR,3.4,11.1,24.7,8.1,17.2,scored,-3.0
Mark Andrews,TE,BAL,DAL,2.9,10.2,18.8,5.4,7.73,scored,-4.8
Christian Watson,WR,GB,ATL,3.8,11.2,22.1,22.6,23.03,scored,11.4
D'Andre Swift,RB,CHI,PHI,5.7,12.2,23.1,10.8,17.03,scored,-1.4
Chuba Hubbard,RB,CAR,CLE,3.8,10.4,22.5,15.0,13.93,scored,4.6
Aaron Rodgers,QB,PIT,CIN,4.4,13.6,23.6,22.68,11.43,scored,9.08
Mike Evans,WR,SF,ARI,2.6,10.1,22.9,12.4,10.23,scored,2.3
Jaxson Dart,QB,NYG,TEN,3.0,13.8,24.4,,15.93,no_stats,
Malik Nabers,WR,NYG,TEN,2.4,10.5,22.4,7.6,6.0,scored,-2.9
Cam Skattebo,RB,NYG,TEN,3.3,10.4,22.4,13.0,11.2,scored,2.6
Saquon Barkley,RB,PHI,CHI,3.1,10.0,21.9,9.0,6.27,scored,-1.0
Drake London,WR,ATL,GB,3.0,9.9,21.7,28.4,10.73,scored,18.5
Chris Godwin Jr.,WR,TB,MIN,2.4,9.0,20.1,5.5,6.3,scored,-3.5
Jaylen Waddle,WR,DEN,LA,3.3,10.6,22.6,6.4,7.9,scored,-4.2
Drew Lock,QB,SEA,WAS,1.3,12.3,22.4,,11.39,no_stats,
Dalton Kincaid,TE,BUF,LAC,3.5,9.9,20.7,3.8,16.1,scored,-6.1
Jalen Coker,WR,CAR,CLE,3.4,10.8,22.8,3.8,21.7,scored,-7.0
A.J. Brown,WR,NE,JAX,3.2,10.6,23.6,,11.97,no_stats,
DK Metcalf,WR,PIT,CIN,3.6,10.4,21.8,12.1,7.63,scored,1.7
Michael Wilson,WR,ARI,SF,2.7,9.7,21.0,25.9,11.77,scored,16.2
Jameson Williams,WR,DET,NYJ,2.2,9.3,21.6,8.9,9.07,scored,-0.4
David Montgomery,RB,HOU,IND,2.4,9.8,21.5,6.8,13.27,scored,-3.0
Kyler Murray,QB,MIN,TB,2.6,11.3,21.8,10.42,10.34,scored,-0.88
Josh Downs,WR,IND,HOU,2.7,9.3,20.9,12.7,9.83,scored,3.4
Cam Ward,QB,TEN,NYG,1.8,12.0,22.5,9.44,13.63,scored,-2.56
Aaron Jones,RB,MIN,TB,3.6,11.1,22.6,14.2,11.93,scored,3.1
Stefon Diggs,WR,WAS,SEA,3.3,10.8,22.3,7.3,14.83,scored,-3.5
Marcus Mariota,QB,WAS,SEA,0.3,10.9,22.5,20.42,9.06,scored,9.52
Travis Etienne,RB,NO,LV,3.1,9.5,21.4,9.0,8.9,scored,-0.5
Matthew Golden,WR,GB,ATL,2.1,8.5,20.2,21.0,9.03,scored,12.5
Devaughn Vele,WR,NO,LV,2.3,9.7,22.1,6.9,14.4,scored,-2.8
Deebo Samuel Sr.,WR,SF,ARI,3.3,8.9,20.5,15.4,9.53,scored,6.5
Dalton Schultz,TE,HOU,IND,2.6,9.4,19.6,6.0,14.93,scored,-3.4
Rhamondre Stevenson,RB,NE,JAX,3.1,10.0,21.9,6.8,17.8,scored,-3.2
TreVeyon Henderson,RB,NE,JAX,2.7,9.9,21.7,3.9,13.03,scored,-6.0
RJ Harvey,RB,DEN,LA,2.9,8.6,22.4,10.7,10.33,scored,2.1
Alvin Kamara,RB,NO,LV,2.2,7.6,18.4,5.1,8.4,scored,-2.5
Tyler Warren,TE,IND,HOU,3.1,9.1,16.6,14.7,10.77,scored,5.6
Jaylen Warren,RB,PIT,CIN,2.8,9.3,20.9,20.6,11.63,scored,11.3
Quinshon Judkins,RB,CLE,CAR,2.3,8.8,20.0,9.9,8.97,scored,1.1
Luther Burden III,WR,CHI,PHI,2.1,8.2,19.9,19.8,7.73,scored,11.6
Ladd McConkey,WR,LAC,BUF,1.9,8.5,20.5,10.6,9.93,scored,2.1
Brian Thomas Jr.,WR,JAX,NE,1.9,7.8,19.9,1.8,7.3,scored,-6.0
Emeka Egbuka,WR,TB,MIN,2.2,8.6,19.7,11.2,7.8,scored,2.6
Wan'Dale Robinson,WR,TEN,NYG,2.7,9.3,21.1,18.7,11.0,scored,9.4
Tre Tucker,WR,LV,NO,2.2,8.2,20.4,8.3,11.0,scored,0.1
Tucker Kraft,TE,GB,ATL,1.8,7.7,17.0,6.6,5.67,scored,-1.1
Kyle Monangai,RB,CHI,PHI,1.8,8.9,19.1,3.1,11.37,scored,-5.8
Woody Marks,RB,HOU,IND,1.7,8.0,18.8,9.1,6.77,scored,1.1
Tony Pollard,RB,TEN,NYG,2.4,8.4,19.1,13.6,7.13,scored,5.2
Jeremiyah Love,RB,ARI,SF,1.8,8.0,18.8,21.9,10.25,scored,13.9
Khalil Shakir,WR,BUF,LAC,2.1,7.9,18.3,1.6,8.43,scored,-6.3
Terry McLaurin,WR,WAS,SEA,2.1,7.9,20.5,19.7,6.7,scored,11.8
T.J. Hockenson,TE,MIN,TB,2.2,7.9,16.5,3.1,6.9,scored,-4.8
Quentin Johnston,WR,LAC,BUF,1.7,7.5,18.9,7.0,6.97,scored,-0.5
Adonai Mitchell,WR,NYJ,DET,2.5,9.0,20.1,,7.1,no_stats,
Malik Washington,WR,MIA,KC,1.4,7.5,18.2,11.1,8.93,scored,3.6
Xavier Worthy,WR,KC,MIA,1.8,7.3,19.4,4.0,6.13,scored,-3.3
KC Concepcion,WR,CLE,CAR,2.2,8.0,19.5,2.9,8.0,scored,-5.1
Bhayshul Tuten,RB,JAX,NE,1.3,7.1,19.4,17.0,10.77,scored,9.9
Isaiah Likely,TE,NYG,TEN,2.5,7.7,17.9,3.3,13.77,scored,-4.4
Jonah Coleman,RB,DEN,LA,2.3,9.3,20.2,,14.8,no_stats,
Rashod Bateman,WR,BAL,DAL,1.3,7.0,18.4,5.7,7.83,scored,-1.3
Hunter Henry,TE,NE,JAX,1.9,7.2,17.1,1.5,7.73,scored,-5.7
Caleb Douglas,WR,MIA,KC,1.6,7.9,19.4,,9.15,no_stats,
Germie Bernard,WR,PIT,CIN,1.8,7.5,18.9,2.4,7.5,scored,-5.1
Jakobi Meyers,WR,JAX,NE,1.4,6.5,17.3,19.4,8.47,scored,12.9
Kalif Raymond,WR,CHI,PHI,1.9,7.9,17.7,21.0,11.2,scored,13.1
Harold Fannin Jr.,TE,CLE,CAR,2.1,7.4,17.0,24.1,8.5,scored,16.7
Courtland Sutton,WR,DEN,LA,1.4,7.3,18.3,7.6,3.37,scored,0.3
Blake Corum,RB,LA,DEN,1.0,6.5,17.7,3.5,7.83,scored,-3.0
Colston Loveland,TE,CHI,PHI,2.0,6.7,16.7,7.1,8.8,scored,0.4
Jordan Addison,WR,MIN,TB,0.9,7.0,17.9,20.0,1.97,scored,13.0
Ryan Flournoy,WR,DAL,BAL,1.5,6.9,17.1,4.2,7.77,scored,-2.7
Carnell Tate,WR,TEN,NYG,2.3,7.6,18.3,11.8,6.75,scored,4.2
Kenny Gainwell,RB,TB,MIN,1.5,7.8,19.1,3.0,9.57,scored,-4.8
Tyler Allgeier,RB,ARI,SF,1.4,7.1,17.9,4.9,5.27,scored,-2.2
Jameis Winston,QB,NYG,TEN,0.5,8.9,20.9,6.12,11.59,scored,-2.78
J.K. Dobbins,RB,DEN,LA,1.4,6.6,16.6,6.3,5.53,scored,-0.3
Tyrone Tracy Jr.,RB,NYG,TEN,1.8,8.1,19.3,0.3,11.33,scored,-7.8
Cade Otton,TE,TB,MIN,2.0,8.0,16.9,8.6,12.27,scored,0.6
DJ Moore,WR,BUF,LAC,1.2,7.2,18.3,12.7,7.67,scored,5.5
Pat Freiermuth,TE,PIT,CIN,1.8,6.6,16.4,5.1,10.37,scored,-1.5
Rachaad White,RB,WAS,SEA,1.7,7.4,18.1,11.1,8.37,scored,3.7
Tyjae Spears,RB,TEN,NYG,1.7,6.9,18.0,0.5,7.7,scored,-6.4
Keenan Allen,WR,IND,HOU,2.6,6.8,18.9,18.3,7.1,scored,11.5
Jadarian Price,RB,SEA,WAS,1.3,7.2,17.0,1.2,6.4,scored,-6.0
Michael Mayer,TE,LV,NO,1.7,6.9,16.3,12.2,7.4,scored,5.3
Jacory Croskey-Merritt,RB,WAS,SEA,1.7,7.0,17.9,5.3,7.1,scored,-1.7
Kaelon Black,RB,SF,ARI,0.8,5.9,16.1,1.7,5.25,scored,-4.2
Romeo Doubs,WR,NE,JAX,1.1,6.6,17.4,7.9,7.27,scored,1.3
Mike Gesicki,TE,CIN,PIT,1.6,7.3,16.8,12.7,9.6,scored,5.4
Alec Pierce,WR,IND,HOU,0.9,6.8,17.8,,13.8,no_stats,
Michael Pittman,WR,PIT,CIN,1.7,6.2,17.0,3.6,5.17,scored,-2.6
Isaiah Williams,WR,NYJ,DET,1.5,6.1,16.2,3.1,6.63,scored,-3.0
Dontayvion Wicks,WR,PHI,CHI,1.2,6.6,17.1,5.2,9.8,scored,-1.4
Dallas Goedert,TE,PHI,CHI,1.8,6.9,16.9,,11.63,no_stats,
Juwan Johnson,TE,NO,LV,1.7,7.1,17.0,23.3,10.7,scored,16.2
Jake Ferguson,TE,DAL,BAL,0.9,5.2,14.7,9.3,8.13,scored,4.1
Darren Waller,TE,CAR,CLE,0.9,6.9,17.4,10.1,8.03,scored,3.2
Mack Hollins,WR,NE,JAX,1.5,6.7,16.0,14.7,8.93,scored,8.0
Rome Odunze,WR,CHI,PHI,1.3,6.8,18.2,7.4,5.77,scored,0.6
Tyson Bagent,QB,CHI,PHI,0.0,7.3,18.5,,1.58,no_stats,
Xavier Hutchinson,WR,HOU,IND,1.2,6.0,17.2,8.5,8.77,scored,2.5
Antonio Williams,WR,WAS,SEA,1.9,5.7,16.9,3.5,10.9,scored,-2.2
Evan Engram,TE,DEN,LA,1.3,5.7,15.4,0.0,8.17,scored,-5.7
Jordan Mason,RB,MIN,TB,0.8,5.6,16.3,,7.8,no_stats,
AJ Barner,TE,SEA,WAS,0.7,4.9,13.9,11.9,4.87,scored,7.0
Emmett Johnson,RB,KC,MIA,0.8,4.7,15.1,1.7,7.15,scored,-3.0
Keon Coleman,WR,BUF,LAC,1.2,6.2,16.2,4.7,7.43,scored,-1.5
Rico Dowdle,RB,PIT,CIN,1.3,6.7,17.8,,4.5,no_stats,
Brian Robinson,RB,ATL,GB,0.6,4.8,15.9,11.0,4.23,scored,6.2
Tank Bigsby,RB,PHI,CHI,0.8,5.6,17.3,-0.5,9.9,scored,-6.1
Jauan Jennings,WR,MIN,TB,0.7,5.3,15.9,1.1,6.57,scored,-4.2
Terrance Ferguson,TE,LA,DEN,1.2,5.4,16.3,1.9,10.27,scored,-3.5
Mason Taylor,TE,NYJ,DET,1.9,6.0,14.4,,5.33,no_stats,
Kyle Pitts,TE,ATL,GB,2.0,6.5,15.3,1.5,4.77,scored,-5.0
Samaje Perine,RB,CIN,PIT,0.9,5.7,17.0,2.4,6.47,scored,-3.3
Tre Harris,WR,LAC,BUF,0.3,5.6,16.2,13.6,5.37,scored,8.0
Elic Ayomanor,WR,TEN,NYG,0.8,6.3,16.6,2.1,8.33,scored,-4.2
Pat Bryant,WR,DEN,LA,0.7,5.5,16.7,14.4,5.63,scored,8.9
Ted Hurst III,WR,TB,MIN,0.7,6.0,17.1,11.0,5.65,scored,5.0
Demarcus Robinson,WR,SF,ARI,0.6,5.4,15.4,,8.27,no_stats,
Brenton Strange,TE,JAX,NE,1.2,5.4,15.2,6.2,10.4,scored,0.8
Malachi Fields,WR,NYG,TEN,0.6,5.8,17.3,3.9,4.75,scored,-1.9
Rashid Shaheed,WR,SEA,WAS,0.3,4.6,16.2,3.4,3.17,scored,-1.2
Darnell Mooney,WR,NYG,TEN,0.3,5.4,15.9,4.9,5.5,scored,-0.5
Sam Darnold,QB,SEA,WAS,0.0,5.3,19.5,27.66,5.14,scored,22.36
Calvin Ridley,WR,TEN,NYG,0.3,4.3,14.2,0.0,3.53,scored,-4.3
Noah Fant,TE,NO,LV,1.3,4.7,13.4,19.3,4.27,scored,14.6
David Njoku,TE,LAC,BUF,1.0,4.5,13.4,,6.6,no_stats,
Emanuel Wilson,RB,SEA,WAS,0.6,5.0,15.2,1.4,5.1,scored,-3.6
Chris Brooks,RB,GB,ATL,0.6,4.4,16.6,1.4,4.2,scored,-3.0
MarShawn Lloyd,RB,GB,ATL,0.5,4.5,15.1,3.8,5.03,scored,-0.7
Bryce Lance,WR,NO,LV,0.3,4.9,14.8,0.0,4.5,scored,-4.9
Greg Dulcich,TE,MIA,KC,1.0,4.3,15.2,10.5,4.53,scored,6.2
Justice Hill,RB,BAL,DAL,0.6,4.9,15.0,3.3,5.3,scored,-1.6
Chig Okonkwo,TE,WAS,SEA,1.4,4.8,14.2,,6.77,no_stats,
Jerry Jeudy,WR,CLE,CAR,0.5,5.7,16.4,,2.93,no_stats,
DeMario Douglas,WR,NE,JAX,0.5,3.9,15.4,4.8,4.6,scored,0.9
Mason Rudolph,QB,PIT,CIN,0.0,7.3,16.7,,1.95,no_stats,
Cooper Kupp,WR,SEA,WAS,0.5,4.8,15.1,14.6,4.8,scored,9.8
Tyquan Thornton,WR,KC,MIA,0.2,4.3,15.0,4.2,6.43,scored,-0.1
Kendrick Bourne,WR,ARI,SF,1.0,5.4,15.8,4.2,6.2,scored,-1.2
Jalen Nailor,WR,LV,NO,0.1,4.5,15.0,2.6,5.17,scored,-1.9
Gunnar Helm,TE,TEN,NYG,1.1,4.4,13.5,3.4,3.73,scored,-1.0
Oronde Gadsden II,TE,LAC,BUF,0.1,3.8,12.4,0.0,6.43,scored,-3.8
Cooper Rush,QB,ATL,GB,0.0,7.9,18.5,,1.35,no_stats,
Jahan Dotson,WR,ATL,GB,0.1,5.1,14.8,2.1,4.33,scored,-3.0
Isaac TeSlaa,WR,DET,NYJ,0.1,4.7,13.6,9.6,2.47,scored,4.9
Roman Wilson,WR,PIT,CIN,0.7,4.6,14.6,15.0,4.47,scored,10.4
Braelon Allen,RB,NYJ,DET,0.5,4.2,14.5,4.7,4.37,scored,0.5
Kayshon Boutte,WR,HOU,IND,0.1,4.7,14.8,4.1,4.73,scored,-0.6
Devin Singletary,RB,NYG,TEN,0.7,5.6,16.4,,8.43,no_stats,
Theo Johnson,TE,NYG,TEN,0.5,4.5,14.0,,0.63,no_stats,
Chris Rodriguez Jr.,RB,JAX,NE,0.7,4.8,13.5,9.7,6.3,scored,4.9
Colby Parkinson,TE,LA,DEN,0.5,4.0,14.0,0.0,8.23,scored,-4.0
Jaylin Noel,WR,HOU,IND,0.0,4.2,13.8,4.5,5.0,scored,0.3
Jack Strand,QB,ATL,GB,0.0,6.7,14.9,,-0.04,no_stats,
Tyler Higbee,TE,LA,DEN,0.5,4.3,13.6,20.2,8.2,scored,15.9
Josh Cameron,WR,JAX,NE,0.2,4.4,14.3,8.2,10.0,scored,3.8
Ray Davis,RB,BUF,LAC,0.5,3.9,14.6,,9.43,no_stats,
Darius Cooper,WR,PHI,CHI,0.2,4.2,14.1,,6.1,no_stats,
Makai Lemon,WR,PHI,CHI,0.2,4.2,14.4,5.9,2.2,scored,1.7
Marvin Harrison Jr.,WR,ARI,SF,0.1,4.8,13.2,7.0,1.43,scored,2.2
Marquise Brown,WR,PHI,CHI,0.1,3.5,12.7,,4.1,no_stats,
Jonnu Smith,TE,GB,ATL,0.3,4.3,11.1,3.6,5.37,scored,-0.7
Chimere Dike,WR,TEN,NYG,0.4,4.1,13.0,1.3,5.87,scored,-2.8
Laquon Treadwell,WR,IND,HOU,0.1,4.5,13.7,3.0,3.9,scored,-1.5
Josh Palmer,WR,BUF,LAC,0.2,4.5,13.5,,7.6,no_stats,
Devontez Walker,WR,BAL,DAL,0.0,3.8,12.6,0.0,6.1,scored,-3.8
Jaleel McLaughlin,RB,CLE,CAR,0.2,3.1,13.6,,3.7,no_stats,
Kendre Miller,RB,NO,LV,0.4,4.5,13.4,3.9,4.63,scored,-0.6
Jalen Royals,WR,KC,MIA,0.1,3.7,12.8,2.1,5.5,scored,-1.6
Will Shipley,RB,PHI,CHI,0.3,3.4,13.8,2.1,3.47,scored,-1.3
Cole Kmet,TE,CHI,PHI,0.2,4.2,12.2,0.0,5.7,scored,-4.2
DJ Herman,RB,MIA,KC,0.7,3.5,11.6,,2.8,no_stats,
Kenny Pickett,QB,CAR,CLE,0.0,4.2,14.9,,0.34,no_stats,
George Holani,RB,SEA,WAS,0.3,3.0,14.0,10.8,2.0,scored,7.8
Raheim Sanders,RB,CLE,CAR,0.3,4.0,13.5,9.1,4.0,scored,5.1
Austin Hooper,TE,ATL,GB,0.7,4.4,11.0,9.1,4.87,scored,4.7
Keaton Mitchell,RB,LAC,BUF,0.2,3.4,12.6,13.7,2.0,scored,10.3
Jack Bech,WR,LV,NO,0.1,4.2,13.6,,5.27,no_stats,
Tommy Tremble,TE,CAR,CLE,0.2,3.6,11.1,7.1,6.57,scored,3.5
Andrei Iosivas,WR,CIN,PIT,0.1,3.8,12.9,,2.63,no_stats,
Kevin Austin Jr.,WR,NO,LV,0.2,3.8,12.9,,8.2,no_stats,
Dawson Knox,TE,BUF,LAC,0.6,3.6,11.8,1.5,6.87,scored,-2.1
Brock Wright,TE,DET,NYJ,0.1,3.1,10.8,2.7,3.4,scored,-0.4
Josh Oliver,TE,MIN,TB,0.1,3.3,10.5,,4.17,no_stats,
Jared Wayne,WR,HOU,IND,0.0,3.4,12.8,3.0,3.83,scored,-0.4
Jahdae Walker,WR,CHI,PHI,0.1,3.6,12.6,,7.9,no_stats,
Jonathon Brooks,RB,CAR,CLE,0.2,3.3,12.9,,3.0,no_stats,
Xavier Legette,WR,CAR,CLE,0.0,3.8,12.5,,4.53,no_stats,
Tyler Badie,RB,DEN,LA,0.2,2.9,12.8,2.4,3.57,scored,-0.5
Dyami Brown,WR,WAS,SEA,0.0,3.2,13.5,0.0,1.97,scored,-3.2
Kyle Williams,WR,NE,JAX,0.0,3.2,12.3,4.4,2.5,scored,1.2
LaJohntay Wester,WR,BAL,DAL,0.0,3.2,12.0,,2.95,no_stats,
Sione Vaki,RB,DET,NYJ,0.1,2.4,10.5,4.7,2.07,scored,2.3
Ja'Kobi Lane,WR,BAL,DAL,0.0,3.3,12.3,,2.1,no_stats,
Xavier Smith,WR,LA,DEN,0.0,3.0,11.6,,4.1,no_stats,
Troy Franklin,WR,DEN,LA,0.0,3.0,12.2,3.1,1.4,scored,0.1
Charlie Kolar,TE,LAC,BUF,0.0,2.7,10.3,,2.63,no_stats,
Kenyon Sadiq,TE,NYJ,DET,0.4,3.7,12.1,23.5,7.55,scored,19.8
Konata Mumpfield,WR,LA,DEN,0.0,3.1,11.4,19.3,0.73,scored,16.2
Najee Harris,RB,NYG,TEN,0.3,3.6,12.2,5.2,3.4,scored,1.6
Chris Moore,WR,BAL,DAL,0.0,3.1,12.0,7.4,3.47,scored,4.3
Efton Chism III,WR,NE,JAX,0.0,3.2,11.4,1.74,5.77,scored,-1.46
Ryan Miller,WR,MIA,KC,0.3,2.6,12.5,3.5,5.7,scored,0.9
Chris Bell,WR,MIA,KC,0.0,3.0,12.0,10.7,1.75,scored,7.7
Jaylin Lane,WR,WAS,SEA,0.0,2.7,11.2,3.1,2.47,scored,0.4
KhaDarel Hodge,WR,SF,ARI,0.0,2.8,11.9,,2.97,no_stats,
Brenen Thompson,WR,LAC,BUF,0.0,2.7,11.3,,2.3,no_stats,
Drew Sample,TE,CIN,PIT,0.1,3.0,10.0,1.0,3.8,scored,-2.0
Myles Price,WR,MIN,TB,0.0,3.0,11.1,6.0,0.0,scored,3.0
Mike Washington Jr.,RB,LV,NO,0.2,3.0,11.6,11.4,2.4,scored,8.4
Olamide Zaccheaus,WR,ATL,GB,0.1,3.4,12.2,2.9,2.7,scored,-0.5
Treylon Burks,WR,WAS,SEA,0.1,3.3,11.6,9.3,1.77,scored,6.0
Bam Knight,RB,ARI,SF,0.3,3.2,12.7,,2.87,no_stats,
Kaleb Johnson,RB,GB,ATL,0.1,2.4,11.5,2.6,1.33,scored,0.2
Zachariah Branch,WR,ATL,GB,0.0,2.6,11.7,1.7,3.4,scored,-0.9
Sam Roush,TE,CHI,PHI,0.0,3.0,10.4,2.6,1.9,scored,-0.4
Lan Larison,RB,NE,JAX,0.1,2.0,11.3,,2.9,no_stats,
Jaylen Wright,RB,MIA,KC,0.1,2.8,12.3,,1.67,no_stats,
Tez Johnson,WR,TB,MIN,0.0,2.5,11.5,1.8,2.9,scored,-0.7
Ronnie Rivers,RB,LA,DEN,0.2,2.7,12.3,,2.67,no_stats,
Foster Moreau,TE,HOU,IND,0.0,2.4,9.2,8.7,3.47,scored,6.3
Ameer Abdullah,RB,JAX,NE,0.2,2.7,11.5,0.2,3.67,scored,-2.5
Nate Adkins,TE,DEN,LA,0.1,2.6,9.8,7.8,4.27,scored,5.2
Lil'Jordan Humphrey,WR,DEN,LA,0.0,2.6,11.4,,2.07,no_stats,
Jordan James,RB,SF,ARI,0.1,2.4,11.2,,1.5,no_stats,
Adam Trautman,TE,DEN,LA,0.0,2.8,10.2,,3.6,no_stats,
Noah Gray,TE,KC,MIA,0.0,2.6,10.0,6.9,2.5,scored,4.3
Chris Blair,WR,ATL,GB,0.0,2.7,11.0,2.0,1.43,scored,-0.7
Jonathan Mingo,WR,DAL,BAL,0.0,2.2,11.1,,0.67,no_stats,
Derius Davis,WR,LAC,BUF,0.0,2.3,10.9,,0.57,no_stats,
Corey Kiner,RB,NE,JAX,0.1,2.3,11.1,3.7,1.97,scored,1.4
Elijah Arroyo,TE,SEA,WAS,0.0,2.7,9.2,,0.9,no_stats,
KaVontae Turpin,WR,DAL,BAL,0.0,2.0,10.8,8.8,0.87,scored,6.8
Nicholas Singleton,RB,TEN,NYG,0.1,2.3,11.0,,1.0,no_stats,
Kaytron Allen,RB,WAS,SEA,0.1,2.5,11.3,,2.0,no_stats,
Stetson Bennett,QB,LA,DEN,0.0,4.1,14.4,,1.42,no_stats,
Ashton Dulin,WR,IND,HOU,0.0,2.4,10.8,,1.93,no_stats,
Cyrus Allen,WR,KC,MIA,0.0,2.0,10.4,,0.0,no_stats,
Isaiah Bond,WR,CLE,CAR,0.0,2.3,10.9,,2.43,no_stats,
Jordan Whittington,WR,LA,DEN,0.0,2.3,10.3,,1.57,no_stats,
Erick All,TE,CIN,PIT,0.0,2.7,9.7,,4.03,no_stats,
Jimmy Horn Jr.,WR,CAR,CLE,0.0,2.2,10.2,,1.8,no_stats,
Brevyn Spann-Ford,TE,DAL,BAL,0.0,2.5,9.2,2.9,4.17,scored,0.4
Cody White,WR,LV,NO,0.0,2.6,10.3,7.4,6.1,scored,4.8
Ollie Gordon II,RB,MIA,KC,0.2,2.5,11.2,14.5,0.9,scored,12.0
Arian Smith,WR,NYJ,DET,0.0,2.1,10.2,,0.57,no_stats,
Darnell Washington,TE,PIT,CIN,0.0,2.6,9.8,9.7,3.0,scored,7.1
Nate Boerkircher,TE,JAX,NE,0.0,2.4,9.8,0.0,1.9,scored,-2.4
Durham Smythe,TE,BAL,DAL,0.0,2.1,8.6,,1.17,no_stats,
Brady Russell,RB,SEA,WAS,0.1,2.6,9.7,3.0,2.0,scored,0.4
Ben Sinnott,TE,WAS,SEA,0.0,2.6,9.7,0.0,3.27,scored,-2.6
Omar Cooper Jr.,WR,NYJ,DET,0.0,1.8,10.2,,4.0,no_stats,
Patrick Ricard,RB,NYG,TEN,0.2,2.5,10.5,,0.6,no_stats,
Mitchell Evans,TE,CAR,CLE,0.1,2.4,9.0,6.6,1.9,scored,4.2
Luke Farrell,TE,SF,ARI,0.0,2.1,8.5,0.0,1.73,scored,-2.1
Emari Demercado,RB,DAL,BAL,0.2,2.6,10.9,,2.73,no_stats,
Deion Burks,WR,IND,HOU,0.0,2.0,10.1,,1.4,no_stats,
John Bates,TE,WAS,SEA,0.0,2.7,9.5,1.9,4.2,scored,-0.8
Tutu Atwell,WR,LA,DEN,0.0,2.3,10.6,,1.93,no_stats,
Bo Melton,WR,GB,ATL,0.0,1.9,10.3,0.0,0.67,scored,-1.9
CJ Donaldson,RB,NO,LV,0.2,2.4,9.4,0.5,0.7,scored,-1.9
Barion Brown,WR,NO,LV,0.0,1.9,10.6,,0.3,no_stats,
Eli Raridon,TE,NE,JAX,0.0,2.5,9.6,,5.6,no_stats,
Kevin Coleman Jr.,WR,MIA,KC,0.0,2.4,11.3,1.3,0.0,scored,-1.1
Marlin Klein,TE,HOU,IND,0.0,2.1,8.9,,2.6,no_stats,
Blake Whiteheart,TE,CLE,CAR,0.0,2.3,8.9,,3.7,no_stats,
Travis Homer,RB,PIT,CIN,0.1,2.3,9.3,0.0,0.7,scored,-2.3
DeeJay Dallas,RB,MIN,TB,0.1,2.1,9.8,0.2,2.07,scored,-1.9
Skyy Moore,WR,GB,ATL,0.0,2.0,10.5,6.1,1.2,scored,4.1
Tanner Hudson,TE,CIN,PIT,0.0,2.1,9.1,3.3,2.63,scored,1.2
Eric Saubert,TE,SEA,WAS,0.0,2.1,8.7,8.3,1.0,scored,6.2
Luke Schoonmaker,TE,DAL,BAL,0.0,2.1,8.8,1.9,2.63,scored,-0.2
Daniel Bellinger,TE,TEN,NYG,0.0,2.4,9.8,3.6,4.5,scored,1.2
Malik Benson,WR,LV,NO,0.0,2.1,10.3,0.0,0.4,scored,-2.1
Jeremy Ruckert,TE,NYJ,DET,0.0,2.4,8.9,14.9,1.7,scored,12.5
Johnny Mundt,TE,PHI,CHI,0.0,2.5,9.1,1.4,1.8,scored,-1.1
Hunter Luepke,RB,DAL,BAL,0.2,2.3,9.9,,1.13,no_stats,
Dareke Young,WR,LV,NO,0.0,1.9,10.2,,2.77,no_stats,
Matthew Hibner,TE,BAL,DAL,0.0,2.0,8.4,10.3,2.3,scored,8.3
Davis Allen,TE,LA,DEN,0.0,2.3,9.0,3.9,1.33,scored,1.6
AJ Dillon,RB,CAR,CLE,0.1,2.4,10.2,2.4,1.27,scored,0.0
Ben Skowronek,WR,PIT,CIN,0.0,1.9,10.2,9.3,1.17,scored,7.4
Reggie Gilliam,RB,NE,JAX,0.1,2.5,8.6,,2.07,no_stats,
Cade Stover,TE,HOU,IND,0.0,2.3,8.9,,1.8,no_stats,
Colbie Young,WR,CIN,PIT,0.0,1.9,9.9,1.2,1.7,scored,-0.7
Jake Briningstool,TE,KC,MIA,0.0,2.0,8.7,0.0,1.9,scored,-2.0
Andrew Ogletree,TE,IND,HOU,0.0,2.0,8.8,,0.7,no_stats,
Charlie Woerner,TE,ATL,GB,0.0,2.1,9.0,,1.5,no_stats,
Ian Thomas,TE,LV,NO,0.0,2.2,8.9,,2.53,no_stats,
LeQuint Allen Jr.,RB,JAX,NE,0.1,2.2,8.9,2.9,0.43,scored,0.7
Dohnte Meyers,WR,CIN,PIT,0.0,2.0,9.8,5.9,1.9,scored,3.9
Frank Gore Jr.,RB,BUF,LAC,0.0,1.9,9.0,,0.3,no_stats,
Quintin Morris,TE,JAX,NE,0.0,2.0,8.4,,3.07,no_stats,
Oscar Delp,TE,NO,LV,0.0,1.9,8.4,,1.8,no_stats,
Colson Yankoff,TE,WAS,SEA,0.0,1.9,8.4,1.2,1.6,scored,-0.7
Seth McGowan,RB,IND,HOU,0.0,1.6,9.4,1.4,0.5,scored,-0.2
Demond Claiborne,RB,MIN,TB,0.0,1.4,10.2,0.1,1.2,scored,-1.3
Will Kacmarek,TE,MIA,KC,0.0,1.9,8.3,,0.7,no_stats,
Nick Mullens,QB,JAX,NE,0.0,0.8,10.9,,-0.02,no_stats,
Mac Jones,QB,SF,ARI,0.0,0.5,9.8,,-0.1,no_stats,
Jayden Reed,WR,GB,ATL,0.0,0.0,0.0,,4.83,no_stats,
