player_id,player,position,team,opponent,is_home,spread_line,total_line,games_played_prior,floor,median,ceiling,expected,expected_if_active,p_play,status,depth
00-0039139,Jahmyr Gibbs,RB,DET,ARI,0.0,-4.5,54.5,53,8.9,21.1,31.2,22.9,22.9,1.0,,RB1
00-0037840,Kyren Williams,RB,LA,BUF,1.0,3.0,54.5,57,7.3,17.7,29.5,21.2,21.2,1.0,,RB1
00-0034857,Josh Allen,QB,BUF,LA,0.0,3.0,54.5,130,9.3,22.5,34.4,20.9,20.9,1.0,,QB1
00-0039075,Puka Nacua,WR,LA,BUF,1.0,3.0,54.5,46,7.5,16.3,28.8,20.6,20.6,1.0,,WR1
00-0033077,Dak Prescott,QB,DAL,TB,1.0,8.5,47.5,143,9.1,18.3,29.0,19.6,19.6,1.0,,QB1
00-0036963,Amon-Ra St. Brown,WR,DET,ARI,0.0,-4.5,54.5,86,7.5,15.7,28.9,19.4,19.4,1.0,,WR1
00-0033280,Christian McCaffrey,RB,SF,SEA,0.0,2.5,46.5,116,7.3,16.5,28.8,18.8,18.8,1.0,,RB1
00-0038542,Bijan Robinson,RB,ATL,BAL,1.0,3.5,43.5,55,8.6,17.4,26.4,18.7,18.7,1.0,,RB1
00-0039918,Caleb Williams,QB,CHI,GB,0.0,-3.0,45.5,36,6.5,18.0,27.9,18.6,18.6,1.0,,QB1
00-0036358,CeeDee Lamb,WR,DAL,TB,1.0,8.5,47.5,98,8.1,16.3,29.4,18.6,18.6,1.0,,WR1
00-0026498,Matthew Stafford,QB,LA,BUF,1.0,3.0,54.5,198,8.8,18.1,26.2,18.3,18.3,1.0,,QB1
00-0036997,Javonte Williams,RB,DAL,TB,1.0,8.5,47.5,74,6.8,15.4,27.3,18.1,18.1,1.0,,RB1
00-0036442,Joe Burrow,QB,CIN,MIA,0.0,-7.0,42.5,81,7.2,17.5,28.0,18.0,18.0,1.0,,QB1
00-0033106,Jared Goff,QB,DET,ARI,0.0,-4.5,54.5,155,8.6,18.8,27.5,17.8,17.8,1.0,,QB1
00-0039732,Bo Nix,QB,DEN,LAC,0.0,-3.5,42.5,38,7.1,16.1,26.7,17.3,17.3,1.0,,QB1
00-0039910,Jayden Daniels,QB,WAS,NYG,1.0,3.5,43.5,26,5.0,16.2,27.4,17.3,17.3,1.0,,QB1
00-0023459,Aaron Rodgers,QB,PIT,IND,1.0,2.5,44.5,183,6.7,15.5,26.4,17.2,17.2,1.0,,QB1
00-0032764,Derrick Henry,RB,BAL,ATL,0.0,3.5,43.5,156,6.1,13.8,24.3,17.2,17.2,1.0,,RB1
00-0036223,Jonathan Taylor,RB,IND,PIT,0.0,2.5,44.5,88,7.5,14.0,25.0,17.1,17.1,1.0,,RB1
00-0037239,Chris Olave,WR,NO,MIN,1.0,-1.5,42.5,59,6.3,13.9,27.4,17.0,17.0,1.0,,WR1
00-0036971,Trevor Lawrence,QB,JAX,PHI,1.0,7.0,42.5,81,6.0,17.3,26.3,17.0,17.0,1.0,,QB1
00-0039851,Drake Maye,QB,NE,LV,1.0,3.5,45.5,34,6.7,16.3,27.2,17.0,17.0,1.0,,QB1
00-0038559,Michael Wilson,WR,ARI,DET,1.0,-4.5,54.5,50,4.8,13.0,24.1,16.8,16.8,1.0,,WR1
00-0038543,Jaxon Smith-Njigba,WR,SEA,SF,1.0,2.5,46.5,55,7.1,15.8,29.1,16.7,16.7,1.0,,WR1
00-0040122,Ashton Jeanty,RB,LV,NE,0.0,3.5,45.5,21,6.0,13.9,26.1,16.5,16.5,1.0,,RB1
00-0037248,James Cook,RB,BUF,LA,0.0,3.0,54.5,70,5.0,13.2,25.0,16.5,16.5,1.0,,RB1
00-0039064,Zay Flowers,WR,BAL,ATL,0.0,3.5,43.5,53,5.3,13.2,25.0,16.3,16.3,1.0,,WR1
00-0037228,Jaylen Warren,RB,PIT,IND,1.0,2.5,44.5,68,5.8,13.0,24.4,16.3,16.3,1.0,,RB1
00-0039065,Sam LaPorta,TE,DET,ARI,0.0,-4.5,54.5,46,4.2,11.6,22.1,16.3,16.3,1.0,,TE1
00-0037744,Trey McBride,TE,ARI,DET,1.0,-4.5,54.5,63,5.6,13.2,24.1,16.1,16.1,1.0,,TE1
00-0036389,Jalen Hurts,QB,PHI,JAX,0.0,7.0,42.5,96,5.5,14.6,25.9,16.1,16.1,1.0,,QB1
00-0036410,Tee Higgins,WR,CIN,MIA,0.0,-7.0,42.5,86,5.2,14.0,25.8,15.6,15.6,1.0,,WR2
00-0036900,Ja'Marr Chase,WR,CIN,MIA,0.0,-7.0,42.5,82,4.6,12.9,24.7,15.5,15.5,1.0,,WR1
00-0036355,Justin Herbert,QB,LAC,DEN,1.0,-3.5,42.5,99,5.7,14.4,24.8,15.5,15.5,1.0,,QB1
00-0035228,Kyler Murray,QB,MIN,NO,0.0,-1.5,42.5,90,3.4,14.3,25.0,15.3,15.3,1.0,,QB1
00-0038597,Chase Brown,RB,CIN,MIA,0.0,-7.0,42.5,47,5.5,13.4,25.4,15.3,15.3,1.0,,RB1
00-0033119,Jacoby Brissett,QB,ARI,DET,1.0,-4.5,54.5,100,4.8,15.3,25.8,15.3,15.3,1.0,,QB1
00-0033293,Aaron Jones,RB,MIN,NO,0.0,-1.5,42.5,128,4.7,12.4,24.6,15.2,15.2,1.0,,RB1
00-0037834,Brock Purdy,QB,SF,SEA,0.0,2.5,46.5,53,5.4,16.5,27.5,15.2,15.2,1.0,,QB1
00-0029604,Kirk Cousins,QB,LV,NE,0.0,3.5,45.5,175,5.6,15.3,25.4,15.2,15.2,1.0,,QB1
00-0040743,Tyler Shough,QB,NO,MIN,1.0,-1.5,42.5,15,4.8,15.3,24.8,15.1,15.1,1.0,,QB1
00-0034855,Baker Mayfield,QB,TB,DAL,0.0,8.5,47.5,126,4.3,14.4,23.9,15.1,15.1,1.0,,QB1
00-0031381,Davante Adams,WR,LA,BUF,1.0,3.0,54.5,180,5.3,13.9,27.5,15.1,15.1,1.0,,WR2
00-0039163,C.J. Stroud,QB,HOU,TEN,0.0,-7.5,37.5,50,6.2,15.7,24.9,15.1,15.1,1.0,,QB1
00-0040691,Jaxson Dart,QB,NYG,WAS,0.0,3.5,43.5,16,2.9,14.6,24.5,15.0,15.0,1.0,,QB3
00-0040784,Quinshon Judkins,RB,CLE,NYJ,0.0,2.5,39.5,18,3.2,10.9,23.2,15.0,15.0,1.0,,RB1
00-0039337,Malik Nabers,WR,NYG,WAS,0.0,3.5,43.5,23,3.4,10.8,23.6,14.9,14.9,1.0,,WR1
00-0036264,Jordan Love,QB,GB,CHI,1.0,-3.0,45.5,61,4.6,14.1,24.9,14.9,14.9,1.0,,QB1
00-0031503,Jameis Winston,QB,NYG,WAS,0.0,3.5,43.5,108,2.3,13.8,23.9,14.7,14.7,1.0,,QB1
00-0033537,Deshaun Watson,QB,CLE,NYJ,0.0,2.5,39.5,77,6.2,14.6,24.9,14.6,14.6,1.0,,QB1
00-0034796,Lamar Jackson,QB,BAL,ATL,0.0,3.5,43.5,120,6.4,15.8,26.6,14.5,14.5,1.0,,QB1
00-0035710,Daniel Jones,QB,IND,PIT,0.0,2.5,44.5,87,2.9,13.7,24.8,14.4,14.4,1.0,,QB1
00-0037238,Drake London,WR,ATL,BAL,1.0,3.5,43.5,66,5.1,12.4,23.8,14.4,14.4,1.0,,WR1
00-0037740,Garrett Wilson,WR,NYJ,CLE,1.0,2.5,39.5,62,4.4,12.2,23.9,14.0,14.0,1.0,,WR1
00-0036912,DeVonta Smith,WR,PHI,JAX,0.0,7.0,42.5,83,4.6,11.8,24.5,13.9,13.9,1.0,,WR1
00-0039361,Bucky Irving,RB,TB,DAL,0.0,8.5,47.5,31,3.3,11.3,22.5,13.9,13.9,1.0,,RB1
00-0032950,Carson Wentz,QB,MIN,NO,0.0,-1.5,42.5,103,2.7,14.3,24.1,13.9,13.9,1.0,,QB2
00-0030565,Geno Smith,QB,NYJ,CLE,1.0,2.5,39.5,112,3.7,13.7,24.3,13.7,13.7,1.0,,QB1
00-0036554,Nico Collins,WR,HOU,TEN,0.0,-7.5,37.5,68,4.2,12.6,24.6,13.6,13.6,1.0,,WR1
00-0036613,Jaylen Waddle,WR,DEN,LAC,0.0,-3.5,42.5,82,3.4,10.4,22.4,13.4,13.4,1.0,,WR1
00-0039338,Brock Bowers,TE,LV,NE,0.0,3.5,45.5,31,4.2,11.3,22.1,13.1,13.1,1.0,,TE1
00-0032268,Marcus Mariota,QB,WAS,NYG,1.0,3.5,43.5,102,0.6,11.7,22.5,13.1,13.1,1.0,,QB2
00-0037247,George Pickens,WR,DAL,TB,1.0,8.5,47.5,69,2.8,10.8,23.7,12.8,12.8,1.0,,WR2
00-0034869,Sam Darnold,QB,SEA,SF,1.0,2.5,46.5,103,2.2,13.6,23.0,12.7,12.7,1.0,,QB1
00-0036322,Justin Jefferson,WR,MIN,NO,0.0,-1.5,42.5,97,4.1,11.5,24.3,12.6,12.6,1.0,,WR1
00-0037240,Jameson Williams,WR,DET,ARI,0.0,-4.5,54.5,54,2.6,9.7,21.8,12.6,12.6,1.0,,WR2
00-0039917,Michael Penix Jr.,QB,ATL,BAL,1.0,3.5,43.5,16,3.5,13.6,23.4,12.6,12.6,1.0,,QB1
00-0041117,Athan Kaliakmanis,QB,WAS,NYG,1.0,3.5,43.5,1,0.9,12.7,21.6,12.6,12.6,1.0,,QB3
00-0041027,Jeremiyah Love,RB,ARI,DET,1.0,-4.5,54.5,4,2.8,10.5,21.7,12.5,12.5,1.0,,RB1
00-0041438,Carnell Tate,WR,TEN,HOU,1.0,-7.5,37.5,4,3.5,10.9,22.6,12.3,12.3,1.0,,WR1
00-0036275,D'Andre Swift,RB,CHI,GB,0.0,-3.0,45.5,93,4.1,11.6,23.9,12.3,12.3,1.0,,RB1
00-0035659,Terry McLaurin,WR,WAS,NYG,1.0,3.5,43.5,110,3.1,10.7,23.3,12.3,12.3,1.0,,WR1
00-0035640,DK Metcalf,WR,PIT,IND,1.0,2.5,44.5,116,3.7,11.0,23.2,12.2,12.2,1.0,,WR1
00-0038128,Malik Willis,QB,MIA,CIN,1.0,-7.0,42.5,23,2.1,11.9,23.2,12.1,12.1,1.0,,QB1
00-0040676,Cam Ward,QB,TEN,HOU,1.0,-7.5,37.5,21,3.5,11.7,22.8,12.1,12.1,1.0,,QB1
00-0036875,Rhamondre Stevenson,RB,NE,LV,1.0,3.5,45.5,74,3.1,10.0,22.3,12.1,12.1,1.0,,RB1
00-0038606,Parker Washington,WR,JAX,PHI,1.0,7.0,42.5,38,2.8,9.5,21.5,12.0,12.0,1.0,,WR1
00-0038124,Christian Watson,WR,GB,CHI,1.0,-3.0,45.5,51,2.9,10.0,21.9,12.0,12.0,1.0,,WR1
00-0040735,Luther Burden III,WR,CHI,GB,0.0,-3.0,45.5,19,2.6,9.8,21.4,12.0,12.0,1.0,,WR2
00-0038120,Breece Hall,RB,NYJ,CLE,1.0,2.5,39.5,59,3.9,11.4,21.8,11.9,11.9,1.0,,RB1
00-0031408,Mike Evans,WR,SF,SEA,0.0,2.5,46.5,180,3.1,10.2,23.0,11.9,11.9,1.0,,WR1
00-0040719,Bhayshul Tuten,RB,JAX,PHI,1.0,7.0,42.5,19,2.1,9.6,21.5,11.9,11.9,1.0,,RB1
00-0040715,Cam Skattebo,RB,NYG,WAS,0.0,3.5,43.5,12,3.2,11.6,22.4,11.8,11.8,1.0,,RB1
00-0039040,De'Von Achane,RB,MIA,CIN,1.0,-7.0,42.5,47,3.1,10.7,21.5,11.7,11.7,1.0,,RB3
00-0040730,RJ Harvey,RB,DEN,LAC,0.0,-3.5,42.5,20,2.9,9.0,22.8,11.5,11.5,1.0,,RB2
00-0034960,Jakobi Meyers,WR,JAX,PHI,1.0,7.0,42.5,104,2.2,9.6,21.4,11.4,11.4,1.0,,WR2
00-0040666,Omarion Hampton,RB,LAC,DEN,1.0,-3.5,42.5,13,2.8,10.0,21.3,11.4,11.4,1.0,,RB1
00-0040128,Tyler Warren,TE,IND,PIT,0.0,2.5,44.5,21,3.9,9.5,17.9,11.3,11.3,1.0,,TE1
00-0038994,Jordan Addison,WR,MIN,NO,0.0,-1.5,42.5,50,2.6,8.9,21.2,11.2,11.2,1.0,,WR2
00-0028986,Case Keenum,QB,CHI,GB,0.0,-3.0,45.5,77,2.1,11.4,22.3,11.2,11.2,1.0,,QB3
00-0040667,Matthew Golden,WR,GB,CHI,1.0,-3.0,45.5,18,2.6,9.5,20.9,11.1,11.1,1.0,,WR2
00-0039424,Devaughn Vele,WR,NO,MIN,1.0,-1.5,42.5,26,2.4,9.6,21.4,11.1,11.1,1.0,,WR2
00-0036973,Travis Etienne,RB,NO,MIN,1.0,-1.5,42.5,69,2.8,9.4,21.0,11.1,11.1,1.0,,RB4
00-0037838,Isaiah Likely,TE,NYG,WAS,0.0,3.5,43.5,57,3.6,8.9,19.3,11.0,11.0,1.0,,TE1
00-0031588,Stefon Diggs,WR,WAS,NYG,1.0,3.5,43.5,165,3.4,10.4,22.4,11.0,11.0,1.0,,WR2
00-0035704,Drew Lock,QB,SEA,SF,1.0,2.5,46.5,40,1.9,11.5,21.9,10.9,10.9,1.0,,QB2
00-0040663,Harold Fannin Jr.,TE,CLE,NYJ,0.0,2.5,39.5,20,2.7,9.5,18.9,10.9,10.9,1.0,,TE1
00-0039919,Rome Odunze,WR,CHI,GB,0.0,-3.0,45.5,33,2.1,9.3,20.9,10.9,10.9,1.0,,WR1
00-0038129,Cade Otton,TE,TB,DAL,0.0,8.5,47.5,63,2.5,8.2,17.0,10.8,10.8,1.0,,TE1
00-0039880,Malik Washington,WR,MIA,CIN,1.0,-7.0,42.5,33,2.4,8.6,20.0,10.8,10.8,1.0,,WR1
00-0041037,Denzel Boston,WR,CLE,NYJ,0.0,2.5,39.5,4,2.6,9.8,22.5,10.8,10.8,1.0,,WR1
00-0033921,Chris Godwin Jr.,WR,TB,DAL,0.0,8.5,47.5,123,2.6,8.7,19.8,10.8,10.8,1.0,,WR2
00-0038997,Josh Downs,WR,IND,PIT,0.0,2.5,44.5,51,2.7,9.0,20.6,10.7,10.7,1.0,,WR1
00-0038117,Wan'Dale Robinson,WR,TEN,HOU,1.0,-7.5,37.5,58,2.5,9.0,20.4,10.7,10.7,1.0,,WR2
00-0040236,Kyle Monangai,RB,CHI,GB,0.0,-3.0,45.5,21,2.6,9.4,21.1,10.7,10.7,1.0,,RB2
00-0034829,Mike Gesicki,TE,CIN,MIA,0.0,-7.0,42.5,124,1.8,7.8,17.3,10.6,10.6,1.0,,TE1
00-0035719,Deebo Samuel Sr.,WR,SF,SEA,0.0,2.5,46.5,100,2.1,9.5,20.8,10.6,10.6,1.0,,WR2
00-0038996,Tucker Kraft,TE,GB,CHI,1.0,-3.0,45.5,39,2.5,8.3,16.5,10.5,10.5,1.0,,TE1
00-0035261,Tony Pollard,RB,TEN,HOU,1.0,-7.5,37.5,115,3.1,9.6,20.3,10.4,10.4,1.0,,RB1
00-0038797,Emanuel Wilson,RB,SEA,SF,1.0,2.5,46.5,42,1.9,8.5,21.4,10.3,10.3,1.0,,RB1
00-0033288,George Kittle,TE,SF,SEA,0.0,2.5,46.5,128,2.9,9.7,20.2,10.3,10.3,1.0,,TE1
00-0039890,Adonai Mitchell,WR,NYJ,CLE,1.0,2.5,39.5,35,2.6,8.7,19.9,10.1,10.1,1.0,,WR2
00-0041251,Jalon Daniels,QB,TB,DAL,0.0,8.5,47.5,2,0.0,9.4,21.2,10.0,10.0,1.0,,QB2
00-0035229,T.J. Hockenson,TE,MIN,NO,0.0,-1.5,42.5,101,3.3,8.9,17.8,10.0,10.0,1.0,,TE1
00-0030279,Keenan Allen,WR,IND,PIT,0.0,2.5,44.5,173,3.0,9.6,20.3,9.9,9.9,1.0,,WR2
00-0041496,Jonah Coleman,RB,DEN,LAC,0.0,-3.5,42.5,1,2.3,9.2,20.3,9.8,9.8,1.0,,RB4
00-0037816,Romeo Doubs,WR,NE,LV,1.0,3.5,45.5,63,1.8,8.0,20.2,9.7,9.7,1.0,,WR1
00-0041547,KC Concepcion,WR,CLE,NYJ,0.0,2.5,39.5,4,2.3,8.5,19.6,9.6,9.6,1.0,,WR2
00-0040734,TreVeyon Henderson,RB,NE,LV,1.0,3.5,45.5,20,1.8,7.6,19.0,9.6,9.6,1.0,,RB2
00-0040126,Colston Loveland,TE,CHI,GB,0.0,-3.0,45.5,20,2.5,7.9,18.3,9.6,9.6,1.0,,TE1
00-0034827,DJ Moore,WR,BUF,LA,0.0,3.0,54.5,135,1.6,7.8,19.5,9.5,9.5,1.0,,WR1
00-0037746,Brian Robinson,RB,ATL,BAL,1.0,3.5,43.5,61,1.5,7.2,19.6,9.5,9.5,1.0,,RB2
00-0035993,Tyler Huntley,QB,BAL,ATL,0.0,3.5,43.5,30,0.0,8.0,21.4,9.4,9.4,1.0,,QB2
00-0034753,Mark Andrews,TE,BAL,ATL,0.0,3.5,43.5,125,2.7,7.9,17.1,9.4,9.4,1.0,,TE1
00-0039901,Keon Coleman,WR,BUF,LA,0.0,3.0,54.5,29,1.6,7.6,19.6,9.4,9.4,1.0,,WR3
00-0038563,Tre Tucker,WR,LV,NE,0.0,3.5,45.5,51,1.8,8.0,19.7,9.4,9.4,1.0,,WR1
00-0038933,Dalton Kincaid,TE,BUF,LA,0.0,3.0,54.5,45,2.1,8.0,18.5,9.4,9.4,1.0,,TE1
00-0038935,Brenton Strange,TE,JAX,PHI,1.0,7.0,42.5,35,2.2,8.2,17.5,9.4,9.4,1.0,,TE1
00-0033906,Alvin Kamara,RB,NO,MIN,1.0,-1.5,42.5,129,2.4,8.2,19.3,9.3,9.3,1.0,,RB1
00-0040129,Emeka Egbuka,WR,TB,DAL,0.0,8.5,47.5,21,1.7,7.7,19.4,9.3,9.3,1.0,,WR1
00-0037263,Tyler Allgeier,RB,ARI,DET,1.0,-4.5,54.5,71,1.5,7.1,18.7,9.2,9.2,1.0,,RB2
00-0036919,Kenny Gainwell,RB,TB,DAL,0.0,8.5,47.5,86,1.0,7.0,16.3,9.1,9.1,1.0,,RB2
00-0037256,Rachaad White,RB,WAS,NYG,1.0,3.5,43.5,68,1.8,7.7,18.8,9.1,9.1,1.0,,RB2
00-0037261,Khalil Shakir,WR,BUF,LA,0.0,3.0,54.5,61,2.1,8.0,18.5,9.1,9.1,1.0,,WR2
00-0040198,Ollie Gordon II,RB,MIA,CIN,1.0,-7.0,42.5,19,1.4,7.3,19.9,9.1,9.1,1.0,,RB1
00-0033090,Hunter Henry,TE,NE,LV,1.0,3.5,45.5,133,1.7,7.1,16.6,9.0,9.0,1.0,,TE1
00-0038544,Quentin Johnston,WR,LAC,DEN,1.0,-3.5,42.5,49,1.2,7.0,18.5,8.9,8.9,1.0,,WR2
00-0041523,Caleb Douglas,WR,MIA,CIN,1.0,-7.0,42.5,2,1.6,7.7,19.1,8.9,8.9,1.0,,WR2
00-0036894,Pat Freiermuth,TE,PIT,IND,1.0,2.5,44.5,78,1.7,7.0,16.2,8.8,8.8,1.0,,TE2
00-0040242,Jacory Croskey-Merritt,RB,WAS,NYG,1.0,3.5,43.5,21,1.4,6.8,19.2,8.8,8.8,1.0,,RB1
00-0039794,Braelon Allen,RB,NYJ,CLE,1.0,2.5,39.5,25,1.3,6.6,18.5,8.6,8.6,1.0,,RB2
00-0040583,Woody Marks,RB,HOU,TEN,0.0,-7.5,37.5,20,1.4,7.3,18.0,8.5,8.5,1.0,,RB2
00-0036158,J.K. Dobbins,RB,DEN,LAC,0.0,-3.5,42.5,51,1.4,6.6,17.2,8.4,8.4,1.0,,RB1
00-0039451,Isaiah Williams,WR,NYJ,CLE,1.0,2.5,39.5,14,1.4,6.8,17.9,8.4,8.4,1.0,,WR3
00-0033110,Tyler Higbee,TE,LA,BUF,1.0,3.0,54.5,129,2.2,8.0,17.0,8.4,8.4,1.0,,TE2
00-0034348,Courtland Sutton,WR,DEN,LAC,0.0,-3.5,42.5,118,0.8,8.1,18.8,8.3,8.3,1.0,,WR2
00-0036139,Rico Dowdle,RB,PIT,IND,1.0,2.5,44.5,53,1.4,6.7,18.0,8.3,8.3,1.0,,RB2
00-0038393,Dontayvion Wicks,WR,PHI,JAX,0.0,7.0,42.5,49,1.2,7.0,17.7,8.3,8.3,1.0,,WR2
00-0033699,Austin Ekeler,RB,WAS,NYG,1.0,3.5,43.5,115,1.2,7.0,17.9,8.2,8.2,1.0,,RB4
00-0034383,Dalton Schultz,TE,HOU,TEN,0.0,-7.5,37.5,110,2.1,7.4,16.0,8.2,8.2,1.0,,TE1
00-0040024,Darius Cooper,WR,PHI,JAX,0.0,7.0,42.5,7,1.0,7.2,17.0,8.2,8.2,1.0,,WR5
00-0036040,Juwan Johnson,TE,NO,MIN,1.0,-1.5,42.5,82,2.3,7.8,17.0,8.1,8.1,1.0,,TE1
00-0035685,David Montgomery,RB,HOU,TEN,0.0,-7.5,37.5,109,1.8,7.9,18.9,8.1,8.1,1.0,,RB1
00-0038618,Xavier Hutchinson,WR,HOU,TEN,0.0,-7.5,37.5,45,1.3,6.6,17.6,8.1,8.1,1.0,,WR2
00-0041032,Kenyon Sadiq,TE,NYJ,CLE,1.0,2.5,39.5,4,1.7,6.3,16.0,8.0,8.0,1.0,,TE1
00-0037664,Alec Pierce,WR,IND,PIT,0.0,2.5,44.5,66,0.9,6.8,18.0,8.0,8.0,1.0,,WR8
00-0039066,Michael Mayer,TE,LV,NE,0.0,3.5,45.5,39,2.1,7.5,15.9,8.0,8.0,1.0,,TE2
00-0038454,Keaton Mitchell,RB,LAC,DEN,1.0,-3.5,42.5,25,0.9,5.6,17.1,7.9,7.9,1.0,,RB2
00-0032464,Kalif Raymond,WR,CHI,GB,0.0,-3.0,45.5,93,1.7,6.9,17.6,7.9,7.9,1.0,,WR3
00-0039739,Roman Wilson,WR,PIT,IND,1.0,2.5,44.5,13,1.2,6.6,17.4,7.8,7.8,1.0,,WR3
00-0038041,Jake Ferguson,TE,DAL,TB,1.0,8.5,47.5,63,1.6,5.3,15.1,7.8,7.8,1.0,,TE1
00-0027973,Andy Dalton,QB,PHI,JAX,0.0,7.0,42.5,147,0.0,6.1,20.1,7.8,7.8,1.0,,QB3
00-0039410,Ryan Flournoy,WR,DAL,TB,1.0,8.5,47.5,24,1.5,6.7,16.5,7.7,7.7,1.0,,WR3
00-0036252,Michael Pittman,WR,PIT,IND,1.0,2.5,44.5,98,1.1,6.4,17.4,7.7,7.7,1.0,,WR2
00-0033555,Mack Hollins,WR,NE,LV,1.0,3.5,45.5,101,1.7,7.2,18.4,7.7,7.7,1.0,,WR3
00-0036550,Rashod Bateman,WR,BAL,ATL,0.0,3.5,43.5,66,0.7,6.1,16.8,7.7,7.7,1.0,,WR2
00-0040727,Tre Harris,WR,LAC,DEN,1.0,-3.5,42.5,20,1.2,6.6,17.3,7.7,7.7,1.0,,WR3
00-0039915,Ladd McConkey,WR,LAC,DEN,1.0,-3.5,42.5,36,1.4,6.3,16.0,7.7,7.7,1.0,,WR1
00-0034844,Saquon Barkley,RB,PHI,JAX,0.0,7.0,42.5,110,1.5,7.1,16.9,7.6,7.6,1.0,,RB1
00-0039811,MarShawn Lloyd,RB,GB,CHI,1.0,-3.0,45.5,5,1.1,5.8,17.4,7.6,7.6,1.0,,RB1
00-0039793,AJ Barner,TE,SEA,SF,1.0,2.5,46.5,35,1.4,6.3,14.6,7.5,7.5,1.0,,TE1
00-0038416,Tyson Bagent,QB,CHI,GB,0.0,-3.0,45.5,13,0.0,6.4,16.6,7.5,7.5,1.0,,QB2
00-0039849,Marvin Harrison Jr.,WR,ARI,DET,1.0,-4.5,54.5,33,0.3,5.2,14.5,7.5,7.5,1.0,,WR2
00-0037252,Greg Dulcich,TE,MIA,CIN,1.0,-7.0,42.5,27,1.8,6.5,15.0,7.4,7.4,1.0,,TE1
00-0034351,Dallas Goedert,TE,PHI,JAX,0.0,7.0,42.5,108,2.0,6.8,16.8,7.4,7.4,1.0,,TE1
00-0040669,Isaac TeSlaa,WR,DET,ARI,0.0,-4.5,54.5,18,0.9,5.8,16.3,7.4,7.4,1.0,,WR3
00-0036970,Kyle Pitts,TE,ATL,BAL,1.0,3.5,43.5,82,1.3,5.6,15.2,7.3,7.3,1.0,,TE1
00-0041512,Jadarian Price,RB,SEA,SF,1.0,2.5,46.5,3,0.7,5.6,16.1,7.3,7.3,1.0,,RB6
00-0037545,Rashid Shaheed,WR,SEA,SF,1.0,2.5,46.5,54,0.4,5.6,15.2,7.3,7.3,1.0,,WR2
00-0039893,Brian Thomas Jr.,WR,JAX,PHI,1.0,7.0,42.5,35,0.7,5.9,15.9,7.3,7.3,1.0,,WR3
00-0040785,Dohnte Meyers,WR,CIN,MIA,0.0,-7.0,42.5,4,1.3,5.3,16.2,7.3,7.3,1.0,,WR4
00-0030061,Zach Ertz,TE,PHI,JAX,0.0,7.0,42.5,182,2.0,6.1,16.4,7.1,7.1,1.0,,TE3
00-0037809,Chig Okonkwo,TE,WAS,NYG,1.0,3.5,43.5,67,1.0,4.9,14.7,7.1,7.1,1.0,,TE1
00-0039146,Jayden Reed,WR,GB,CHI,1.0,-3.0,45.5,40,0.7,4.0,14.9,7.1,7.1,1.0,,WR7
00-0040138,Jaylin Noel,WR,HOU,TEN,0.0,-7.5,37.5,18,0.3,5.0,15.9,7.1,7.1,1.0,,WR4
00-0039738,Blake Corum,RB,LA,BUF,1.0,3.0,54.5,35,0.7,4.9,15.4,7.0,7.0,1.0,,RB2
00-0041042,Malachi Fields,WR,NYG,WAS,0.0,3.5,43.5,4,0.4,5.9,15.5,6.9,6.9,1.0,,WR2
00-0041048,Ted Hurst III,WR,TB,DAL,0.0,8.5,47.5,4,0.2,5.7,15.6,6.9,6.9,1.0,,WR3
00-0040668,Shedeur Sanders,QB,CLE,NYJ,0.0,2.5,39.5,9,0.0,6.3,18.4,6.8,6.8,1.0,,QB2
00-0037741,Jahan Dotson,WR,ATL,BAL,1.0,3.5,43.5,61,0.4,6.1,15.6,6.8,6.8,1.0,,WR2
00-0032951,Laquon Treadwell,WR,IND,PIT,0.0,2.5,44.5,63,0.5,5.3,15.2,6.8,6.8,1.0,,WR3
00-0040867,Makai Lemon,WR,PHI,JAX,0.0,7.0,42.5,4,0.8,5.5,16.8,6.8,6.8,1.0,,WR3
00-0040134,Pat Bryant,WR,DEN,LAC,0.0,-3.5,42.5,16,0.9,5.4,16.3,6.8,6.8,1.0,,WR3
00-0035644,Noah Fant,TE,NO,MIN,1.0,-1.5,42.5,106,1.5,5.3,14.2,6.8,6.8,1.0,,TE2
00-0039391,Kimani Vidal,RB,LAC,DEN,1.0,-3.5,42.5,23,0.9,5.4,16.0,6.7,6.7,1.0,,RB3
00-0040189,Oronde Gadsden II,TE,LAC,DEN,1.0,-3.5,42.5,19,1.2,5.1,14.2,6.7,6.7,1.0,,TE2
00-0041040,Antonio Williams,WR,WAS,NYG,1.0,3.5,43.5,4,0.9,5.4,16.0,6.5,6.5,1.0,,WR3
00-0035250,Devin Singletary,RB,NYG,WAS,0.0,3.5,43.5,112,0.8,5.4,16.2,6.4,6.4,1.0,,RB4
00-0038608,Kayshon Boutte,WR,HOU,TEN,0.0,-7.5,37.5,36,0.3,4.8,15.1,6.4,6.4,1.0,,WR3
00-0033908,Cooper Kupp,WR,SEA,SF,1.0,2.5,46.5,124,0.5,5.0,15.2,6.4,6.4,1.0,,WR3
00-0038558,Darnell Washington,TE,PIT,IND,1.0,2.5,44.5,38,0.4,4.0,13.3,6.4,6.4,1.0,,TE1
00-0032775,Demarcus Robinson,WR,SF,SEA,0.0,2.5,46.5,125,0.5,5.3,15.7,6.3,6.3,1.0,,WR7
00-0039299,George Holani,RB,SEA,SF,1.0,2.5,46.5,11,0.5,3.8,15.1,6.3,6.3,1.0,,RB2
00-0033881,Evan Engram,TE,DEN,LAC,0.0,-3.5,42.5,128,0.4,4.6,13.8,6.2,6.2,1.0,,TE1
00-0033885,David Njoku,TE,LAC,DEN,1.0,-3.5,42.5,114,1.2,4.5,13.8,6.1,6.1,1.0,,TE4
00-0033307,Kendrick Bourne,WR,ARI,DET,1.0,-4.5,54.5,126,0.9,5.2,15.1,6.0,6.0,1.0,,WR3
00-0040737,Terrance Ferguson,TE,LA,BUF,1.0,3.0,54.5,14,0.5,4.6,13.5,6.0,6.0,1.0,,TE5
00-0039032,Tyjae Spears,RB,TEN,HOU,1.0,-7.5,37.5,46,0.7,5.2,14.2,6.0,6.0,1.0,,RB2
00-0038621,DeMario Douglas,WR,NE,LV,1.0,3.5,45.5,50,0.2,3.6,15.3,5.8,5.8,1.0,,WR2
00-0038611,Chris Rodriguez Jr.,RB,JAX,PHI,1.0,7.0,42.5,30,0.5,4.8,13.2,5.8,5.8,1.0,,RB2
00-0041525,Chris Bell,WR,MIA,CIN,1.0,-7.0,42.5,4,0.1,4.3,13.9,5.8,5.8,1.0,,WR3
00-0040466,Raheim Sanders,RB,CLE,NYJ,0.0,2.5,39.5,8,0.6,4.3,13.9,5.7,5.7,1.0,,RB2
00-0035689,Dawson Knox,TE,BUF,LA,0.0,3.0,54.5,100,0.7,3.7,11.4,5.7,5.7,1.0,,TE2
00-0036259,Jauan Jennings,WR,MIN,NO,0.0,-1.5,42.5,74,0.3,4.9,14.7,5.7,5.7,1.0,,WR3
00-0035662,Marquise Brown,WR,PHI,JAX,0.0,7.0,42.5,90,0.2,3.5,12.4,5.7,5.7,1.0,,WR4
00-0037291,Jalen Nailor,WR,LV,NE,0.0,3.5,45.5,42,0.1,4.2,14.4,5.7,5.7,1.0,,WR2
00-0039875,Ray Davis,RB,BUF,LA,0.0,3.0,54.5,32,0.4,3.8,13.9,5.6,5.6,1.0,,RB3
00-0038555,Tank Bigsby,RB,PHI,JAX,0.0,7.0,42.5,43,0.4,4.5,14.3,5.5,5.5,1.0,,RB3
00-0040590,Konata Mumpfield,WR,LA,BUF,1.0,3.0,54.5,13,0.1,4.1,13.4,5.5,5.5,1.0,,WR4
00-0039855,Jalen McMillan,WR,TB,DAL,0.0,8.5,47.5,18,0.3,3.6,13.3,5.4,5.4,1.0,,WR7
00-0038839,Mitchell Tinsley,WR,CIN,MIA,0.0,-7.0,42.5,9,0.2,4.2,14.1,5.4,5.4,1.0,,WR5
00-0038551,Kendre Miller,RB,NO,MIN,1.0,-1.5,42.5,23,0.3,4.0,14.4,5.3,5.3,1.0,,RB2
00-0036244,Colby Parkinson,TE,LA,BUF,1.0,3.0,54.5,66,0.1,3.6,12.0,5.3,5.3,1.0,,TE1
00-0040142,Kaleb Johnson,RB,GB,CHI,1.0,-3.0,45.5,13,0.3,2.9,14.4,5.3,5.3,1.0,,RB2
00-0036407,Jerry Jeudy,WR,CLE,NYJ,0.0,2.5,39.5,94,0.3,4.8,14.5,5.3,5.3,1.0,,WR3
00-0040648,Tory Horton,WR,SEA,SF,1.0,2.5,46.5,9,0.3,3.9,13.7,5.3,5.3,1.0,,WR4
00-0040584,Gunnar Helm,TE,TEN,HOU,1.0,-7.5,37.5,20,0.3,4.1,11.7,5.2,5.2,1.0,,TE1
00-0040170,Elic Ayomanor,WR,TEN,HOU,1.0,-7.5,37.5,20,0.1,4.7,13.5,5.2,5.2,1.0,,WR3
00-0034975,Justice Hill,RB,BAL,ATL,0.0,3.5,43.5,78,0.6,4.6,13.1,5.2,5.2,1.0,,RB2
00-0041052,Kaelon Black,RB,SF,SEA,0.0,2.5,46.5,4,0.3,3.6,13.9,5.1,5.1,1.0,,RB2
00-0039847,Theo Johnson,TE,NYG,WAS,0.0,3.5,43.5,28,0.1,3.8,12.4,5.1,5.1,1.0,,TE2
00-0040878,Mike Washington Jr.,RB,LV,NE,0.0,3.5,45.5,4,0.3,4.1,13.6,5.1,5.1,1.0,,RB2
00-0033526,Samaje Perine,RB,CIN,MIA,0.0,-7.0,42.5,112,0.6,4.3,13.8,5.1,5.1,1.0,,RB2
00-0036309,Darnell Mooney,WR,NYG,WAS,0.0,3.5,43.5,93,0.2,4.1,13.5,5.1,5.1,1.0,,WR3
00-0035537,Ty Johnson,RB,BUF,LA,0.0,3.0,54.5,93,0.9,5.0,15.4,5.0,5.0,1.0,,RB2
00-0041100,Josh Cameron,WR,JAX,PHI,1.0,7.0,42.5,3,0.1,3.9,12.7,5.0,5.0,1.0,,WR4
00-0040729,Jack Bech,WR,LV,NE,0.0,3.5,45.5,14,0.1,4.2,13.9,5.0,5.0,1.0,,WR6
00-0041436,DJ Herman,RB,MIA,CIN,1.0,-7.0,42.5,1,0.7,3.3,11.5,5.0,5.0,1.0,,
00-0036290,Cole Kmet,TE,CHI,GB,0.0,-3.0,45.5,96,0.2,3.8,11.5,4.9,4.9,1.0,,TE2
00-0040237,Tez Johnson,WR,TB,DAL,0.0,8.5,47.5,19,0.0,3.0,12.1,4.9,4.9,1.0,,WR4
00-0036626,Dyami Brown,WR,WAS,NYG,1.0,3.5,43.5,59,0.0,3.4,13.3,4.9,4.9,1.0,,WR5
00-0041067,Bryce Lance,WR,NO,MIN,1.0,-1.5,42.5,4,0.3,4.6,13.7,4.8,4.8,1.0,,WR3
00-0041489,Germie Bernard,WR,PIT,IND,1.0,2.5,44.5,3,0.2,3.5,13.9,4.8,4.8,1.0,,WR4
00-0037231,Kevin Austin Jr.,WR,NO,MIN,1.0,-1.5,42.5,14,0.2,3.8,13.0,4.8,4.8,1.0,,WR4
00-0038976,Marvin Mims Jr.,WR,DEN,LAC,0.0,-3.5,42.5,47,0.1,3.1,12.3,4.8,4.8,1.0,,WR4
00-0038728,Jared Wayne,WR,HOU,TEN,0.0,-7.5,37.5,4,0.0,3.5,12.8,4.7,4.7,1.0,,WR5
00-0039364,Sione Vaki,RB,DET,ARI,0.0,-4.5,54.5,9,0.2,2.8,12.0,4.7,4.7,1.0,,RB2
00-0036988,Josh Palmer,WR,BUF,LA,0.0,3.0,54.5,71,0.0,4.1,12.7,4.6,4.6,1.0,,WR4
00-0038359,Xavier Smith,WR,LA,BUF,1.0,3.0,54.5,14,0.0,3.0,12.2,4.6,4.6,1.0,,
00-0039365,Jacob Cowing,WR,SF,SEA,0.0,2.5,46.5,5,0.0,3.0,11.9,4.6,4.6,1.0,,WR4
00-0038090,Skyy Moore,WR,GB,CHI,1.0,-3.0,45.5,42,0.0,3.1,12.0,4.6,4.6,1.0,,WR3
00-0033662,Cooper Rush,QB,ATL,BAL,1.0,3.5,43.5,39,0.0,5.7,17.5,4.6,4.6,1.0,,QB3
00-0037742,Treylon Burks,WR,WAS,NYG,1.0,3.5,43.5,36,0.0,4.0,12.2,4.5,4.5,1.0,,WR4
00-0034837,Calvin Ridley,WR,TEN,HOU,1.0,-7.5,37.5,93,0.1,3.2,12.2,4.5,4.5,1.0,,WR4
00-0039746,Will Shipley,RB,PHI,JAX,0.0,7.0,42.5,20,0.4,2.9,12.7,4.5,4.5,1.0,,RB2
00-0035021,Ashton Dulin,WR,IND,PIT,0.0,2.5,44.5,48,0.0,2.9,12.2,4.5,4.5,1.0,,WR4
00-0041529,Kevin Coleman Jr.,WR,MIA,CIN,1.0,-7.0,42.5,3,0.0,3.9,14.2,4.4,4.4,1.0,,WR4
00-0036893,Najee Harris,RB,NYG,WAS,0.0,3.5,43.5,74,0.3,3.9,12.6,4.4,4.4,1.0,,RB2
00-0038685,Chris Brooks,RB,GB,CHI,1.0,-3.0,45.5,32,0.4,3.2,12.3,4.4,4.4,1.0,,RB3
00-0038619,Andrei Iosivas,WR,CIN,MIA,0.0,-7.0,42.5,43,0.1,3.7,12.8,4.4,4.4,1.0,,WR6
00-0038640,Jalen Brooks,WR,ARI,DET,1.0,-4.5,54.5,18,0.0,2.9,11.7,4.4,4.4,1.0,,WR4
00-0040075,LaJohntay Wester,WR,BAL,ATL,0.0,3.5,43.5,2,0.0,3.2,11.7,4.3,4.3,1.0,,WR5
00-0037801,KaVontae Turpin,WR,DAL,TB,1.0,8.5,47.5,50,0.0,2.5,11.0,4.3,4.3,1.0,,WR4
00-0040563,Efton Chism III,WR,NE,LV,1.0,3.5,45.5,5,0.0,3.7,11.8,4.3,4.3,1.0,,WR4
00-0039792,Devontez Walker,WR,BAL,ATL,0.0,3.5,43.5,10,0.0,3.1,12.0,4.3,4.3,1.0,,WR3
00-0037085,Tyler Badie,RB,DEN,LAC,0.0,-3.5,42.5,21,0.3,3.3,11.7,4.2,4.2,1.0,,RB3
00-0032392,Austin Hooper,TE,ATL,BAL,1.0,3.5,43.5,150,0.2,3.4,10.5,4.2,4.2,1.0,,TE3
00-0039751,Jordan Whittington,WR,LA,BUF,1.0,3.0,54.5,21,0.0,2.8,11.5,4.2,4.2,1.0,,WR3
00-0037805,Jeremy Ruckert,TE,NYJ,CLE,1.0,2.5,39.5,41,0.1,3.2,10.9,4.2,4.2,1.0,,TE3
00-0035249,Josh Oliver,TE,MIN,NO,0.0,-1.5,42.5,62,0.1,3.3,10.4,4.2,4.2,1.0,,TE4
00-0040154,Tai Felton,WR,MIN,NO,0.0,-1.5,42.5,5,0.0,2.9,11.2,4.2,4.2,1.0,,WR4
00-0039041,Elijah Higgins,TE,ARI,DET,1.0,-4.5,54.5,40,0.1,3.0,12.1,4.2,4.2,1.0,,TE2
00-0032398,Chris Moore,WR,BAL,ATL,0.0,3.5,43.5,87,0.0,3.8,12.3,4.2,4.2,1.0,,WR4
00-0037666,Jalen Tolbert,WR,MIA,CIN,1.0,-7.0,42.5,44,0.0,2.9,11.5,4.2,4.2,1.0,,WR5
00-0035891,Cody White,WR,LV,NE,0.0,3.5,45.5,12,0.0,3.4,10.8,4.1,4.1,1.0,,WR3
00-0036972,Mac Jones,QB,SF,SEA,0.0,2.5,46.5,64,0.0,3.7,14.6,4.1,4.1,1.0,,QB2
00-0039384,Tyrone Tracy Jr.,RB,NYG,WAS,0.0,3.5,43.5,35,0.2,2.7,11.5,4.0,4.0,1.0,,RB3
00-0037157,Bam Knight,RB,ARI,DET,1.0,-4.5,54.5,20,0.3,3.3,11.8,4.0,4.0,1.0,,RB3
00-0041044,Zachariah Branch,WR,ATL,BAL,1.0,3.5,43.5,3,0.0,2.5,11.5,4.0,4.0,1.0,,WR4
00-0038794,Jaleel McLaughlin,RB,CLE,NYJ,0.0,2.5,39.5,43,0.2,3.0,12.2,4.0,4.0,1.0,,RB3
00-0041550,Brenen Thompson,WR,LAC,DEN,1.0,-3.5,42.5,1,0.0,2.6,11.2,4.0,4.0,1.0,,WR4
00-0038046,Charlie Kolar,TE,LAC,DEN,1.0,-3.5,42.5,26,0.0,2.7,10.1,4.0,4.0,1.0,,TE1
00-0032385,Sterling Shepard,WR,NYJ,CLE,1.0,2.5,39.5,113,0.1,3.2,11.9,4.0,4.0,1.0,,
00-0041125,Seth McGowan,RB,IND,PIT,0.0,2.5,44.5,4,0.1,2.4,11.9,4.0,4.0,1.0,,RB2
00-0034613,Tanner Hudson,TE,CIN,MIA,0.0,-7.0,42.5,48,0.1,2.2,8.9,3.9,3.9,1.0,,TE4
00-0040876,Elijah Sarratt,WR,BAL,ATL,0.0,3.5,43.5,1,0.0,2.8,11.3,3.9,3.9,1.0,,WR6
00-0038488,Brady Russell,RB,SEA,SF,1.0,2.5,46.5,3,0.0,2.3,10.7,3.9,3.9,1.0,,
00-0039021,Roschon Johnson,RB,CHI,GB,0.0,-3.0,45.5,30,0.1,2.6,11.6,3.9,3.9,1.0,,RB3
00-0040598,Mark Redman,TE,GB,CHI,1.0,-3.0,45.5,1,0.0,2.9,10.7,3.9,3.9,1.0,,TE3
00-0036754,Brock Wright,TE,DET,ARI,0.0,-4.5,54.5,48,0.0,2.6,9.7,3.9,3.9,1.0,,TE2
00-0040879,Matthew Hibner,TE,BAL,ATL,0.0,3.5,43.5,3,0.0,2.9,10.8,3.9,3.9,1.0,,TE3
00-0034854,KhaDarel Hodge,WR,SF,SEA,0.0,2.5,46.5,58,0.0,2.8,11.5,3.9,3.9,1.0,,
00-0040172,Jordan Watkins,WR,SF,SEA,0.0,2.5,46.5,3,0.1,3.0,11.3,3.9,3.9,1.0,,WR5
00-0034981,Foster Moreau,TE,HOU,TEN,0.0,-7.5,37.5,81,0.0,2.7,10.0,3.8,3.8,1.0,,TE2
00-0038951,Sean Tucker,RB,TB,DAL,0.0,8.5,47.5,29,0.2,2.7,11.3,3.8,3.8,1.0,,RB3
00-0040556,Corey Kiner,RB,NE,LV,1.0,3.5,45.5,7,0.1,2.4,11.5,3.8,3.8,1.0,,RB3
00-0035208,Olamide Zaccheaus,WR,ATL,BAL,1.0,3.5,43.5,87,0.0,3.0,12.0,3.8,3.8,1.0,,WR3
00-0034771,Mason Rudolph,QB,PIT,IND,1.0,2.5,44.5,34,0.0,4.9,15.4,3.8,3.8,1.0,,QB2
00-0037755,Jelani Woods,TE,NYJ,CLE,1.0,2.5,39.5,16,0.0,2.5,10.3,3.8,3.8,1.0,,TE4
00-0033858,Jonnu Smith,TE,GB,CHI,1.0,-3.0,45.5,132,0.2,3.1,10.4,3.7,3.7,1.0,,TE2
00-0041395,Eli Raridon,TE,NE,LV,1.0,3.5,45.5,3,0.0,2.5,9.5,3.7,3.7,1.0,,TE2
00-0032104,Ameer Abdullah,RB,JAX,PHI,1.0,7.0,42.5,125,0.2,2.5,10.5,3.7,3.7,1.0,,RB4
00-0035567,Craig Reynolds,RB,WAS,NYG,1.0,3.5,43.5,27,0.1,2.4,11.5,3.7,3.7,1.0,,
00-0041326,CJ Donaldson,RB,NO,MIN,1.0,-1.5,42.5,4,0.3,2.4,10.2,3.6,3.6,1.0,,RB3
00-0033376,Patrick Ricard,RB,NYG,WAS,0.0,3.5,43.5,54,0.2,2.6,10.4,3.6,3.6,1.0,,
00-0041104,Demond Claiborne,RB,MIN,NO,0.0,-1.5,42.5,3,0.1,2.2,10.5,3.6,3.6,1.0,,RB3
00-0039814,Erick All,TE,CIN,MIA,0.0,-7.0,42.5,9,0.1,2.5,9.7,3.6,3.6,1.0,,TE3
00-0040739,Elijah Arroyo,TE,SEA,SF,1.0,2.5,46.5,14,0.0,2.4,9.3,3.6,3.6,1.0,,TE3
00-0041096,Kaytron Allen,RB,WAS,NYG,1.0,3.5,43.5,3,0.1,2.3,11.1,3.6,3.6,1.0,,RB3
00-0040131,Kyle Williams,WR,NE,LV,1.0,3.5,45.5,16,0.0,2.6,11.2,3.6,3.6,1.0,,WR5
00-0041524,Will Kacmarek,TE,MIA,CIN,1.0,-7.0,42.5,3,0.0,2.7,9.3,3.6,3.6,1.0,,TE2
00-0040705,Chimere Dike,WR,TEN,HOU,1.0,-7.5,37.5,20,0.0,2.5,11.3,3.6,3.6,1.0,,WR5
00-0037120,Tyler Goodson,RB,DAL,TB,1.0,8.5,47.5,24,0.2,2.2,10.2,3.6,3.6,1.0,,RB2
00-0039062,Jonathan Mingo,WR,DAL,TB,1.0,8.5,47.5,36,0.0,2.4,11.0,3.6,3.6,1.0,,WR5
00-0038476,Tommy DeVito,QB,NE,LV,1.0,3.5,45.5,12,0.0,3.0,15.5,3.6,3.6,1.0,,QB2
00-0038783,Nate Adkins,TE,DEN,LAC,0.0,-3.5,42.5,24,0.0,2.5,9.9,3.5,3.5,1.0,,TE3
00-0039912,Ben Sinnott,TE,WAS,NYG,1.0,3.5,43.5,14,0.0,2.5,9.5,3.5,3.5,1.0,,TE2
00-0036463,Chris Blair,WR,ATL,BAL,1.0,3.5,43.5,4,0.0,2.3,11.1,3.5,3.5,1.0,,WR5
00-0036849,Tutu Atwell,WR,LA,BUF,1.0,3.0,54.5,51,0.0,2.2,11.1,3.5,3.5,1.0,,WR5
00-0035406,Lil'Jordan Humphrey,WR,DEN,LAC,0.0,-3.5,42.5,46,0.0,2.7,10.8,3.5,3.5,1.0,,
00-0038824,Ryan Miller,WR,MIA,CIN,1.0,-7.0,42.5,14,0.0,2.9,11.1,3.5,3.5,1.0,,WR6
00-0035631,Drew Sample,TE,CIN,MIA,0.0,-7.0,42.5,68,0.1,2.8,9.7,3.4,3.4,1.0,,TE2
00-0036628,John Bates,TE,WAS,NYG,1.0,3.5,43.5,55,0.0,2.6,9.3,3.4,3.4,1.0,,TE3
00-0037091,Bo Melton,WR,GB,CHI,1.0,-3.0,45.5,27,0.0,2.2,10.8,3.4,3.4,1.0,,WR4
00-0039874,Jaylen Wright,RB,MIA,CIN,1.0,-7.0,42.5,25,0.1,2.2,11.0,3.4,3.4,1.0,,RB2
00-0041194,Jack Strand,QB,ATL,BAL,1.0,3.5,43.5,1,0.0,3.6,13.2,3.4,3.4,1.0,,QB4
00-0040177,Jordan James,RB,SF,SEA,0.0,2.5,46.5,1,0.1,2.3,10.9,3.4,3.4,1.0,,RB3
00-0039868,Troy Franklin,WR,DEN,LAC,0.0,-3.5,42.5,36,0.0,2.5,10.9,3.4,3.4,1.0,,WR5
00-0040164,Jaylin Lane,WR,WAS,NYG,1.0,3.5,43.5,15,0.0,2.4,11.0,3.4,3.4,1.0,,WR7
00-0040948,J. Michael Sturdivant,WR,GB,CHI,1.0,-3.0,45.5,2,0.0,2.4,11.0,3.4,3.4,1.0,,WR5
00-0038547,Luke Schoonmaker,TE,DAL,TB,1.0,8.5,47.5,37,0.0,2.1,8.5,3.3,3.3,1.0,,TE3
00-0038705,Emari Demercado,RB,DAL,TB,1.0,8.5,47.5,37,0.2,2.4,10.8,3.3,3.3,1.0,,RB3
00-0039074,Davis Allen,TE,LA,BUF,1.0,3.0,54.5,29,0.0,2.4,9.4,3.3,3.3,1.0,,TE3
00-0040194,Jackson Hawes,TE,BUF,LA,0.0,3.0,54.5,14,0.0,2.3,9.3,3.3,3.3,1.0,,TE3
00-0034419,Braxton Berrios,WR,NYG,WAS,0.0,3.5,43.5,68,0.0,2.7,10.6,3.3,3.3,1.0,,WR4
00-0034272,Marquez Valdes-Scantling,WR,LAC,DEN,1.0,-3.5,42.5,112,0.0,3.0,11.7,3.3,3.3,1.0,,WR5
00-0040390,Jackson Meeks,WR,DET,ARI,0.0,-4.5,54.5,1,0.0,2.0,10.3,3.3,3.3,1.0,,TE3
00-0036862,Ben Skowronek,WR,PIT,IND,1.0,2.5,44.5,43,0.0,2.1,10.9,3.3,3.3,1.0,,WR5
00-0040894,Malik Benson,WR,LV,NE,0.0,3.5,45.5,3,0.0,1.9,10.4,3.2,3.2,1.0,,WR5
00-0041503,Nate Boerkircher,TE,JAX,PHI,1.0,7.0,42.5,3,0.0,2.3,9.0,3.2,3.2,1.0,,TE2
00-0037093,Dareke Young,WR,LV,NE,0.0,3.5,45.5,7,0.0,2.1,10.2,3.2,3.2,1.0,,WR4
00-0041099,Barion Brown,WR,NO,MIN,1.0,-1.5,42.5,2,0.0,1.8,10.6,3.2,3.2,1.0,,WR5
00-0036556,Brevin Jordan,TE,HOU,TEN,0.0,-7.5,37.5,29,0.0,2.2,8.8,3.2,3.2,1.0,,TE4
00-0039530,Brevyn Spann-Ford,TE,DAL,TB,1.0,8.5,47.5,19,0.0,2.3,8.5,3.2,3.2,1.0,,TE2
00-0033757,Robert Tonyan,TE,PIT,IND,1.0,2.5,44.5,67,0.0,2.4,9.9,3.1,3.1,1.0,,TE3
00-0039686,Colson Yankoff,TE,WAS,NYG,1.0,3.5,43.5,6,0.0,2.0,8.3,3.1,3.1,1.0,,TE4
00-0038710,Blake Whiteheart,TE,CLE,NYJ,0.0,2.5,39.5,15,0.0,2.3,8.8,3.1,3.1,1.0,,TE2
00-0038115,Daniel Bellinger,TE,TEN,HOU,1.0,-7.5,37.5,47,0.1,2.2,9.2,3.1,3.1,1.0,,TE2
00-0041132,Deion Burks,WR,IND,PIT,0.0,2.5,44.5,2,0.0,2.0,10.0,3.1,3.1,1.0,,WR5
00-0040506,Myles Price,WR,MIN,NO,0.0,-1.5,42.5,3,0.0,2.1,10.2,3.1,3.1,1.0,,WR5
00-0041051,Zavion Thomas,WR,CHI,GB,0.0,-3.0,45.5,1,0.0,1.9,10.0,3.1,3.1,1.0,,WR4
00-0037004,Hunter Long,TE,ARI,DET,1.0,-4.5,54.5,19,0.0,2.4,8.6,3.1,3.1,1.0,,TE3
00-0040886,Nicholas Singleton,RB,TEN,HOU,1.0,-7.5,37.5,2,0.1,2.2,10.3,3.0,3.0,1.0,,RB3
00-0036429,Charlie Woerner,TE,ATL,BAL,1.0,3.5,43.5,28,0.0,2.2,9.4,3.0,3.0,1.0,,TE2
00-0041558,Sam Roush,TE,CHI,GB,0.0,-3.0,45.5,3,0.0,2.1,8.7,3.0,3.0,1.0,,TE3
00-0036425,DeeJay Dallas,RB,MIN,NO,0.0,-1.5,42.5,53,0.1,2.0,9.6,3.0,3.0,1.0,,RB2
00-0036887,Luke Farrell,TE,SF,SEA,0.0,2.5,46.5,42,0.0,2.2,8.5,3.0,3.0,1.0,,TE2
00-0036422,Adam Trautman,TE,DEN,LAC,0.0,-3.5,42.5,75,0.0,2.4,9.4,3.0,3.0,1.0,,TE2
00-0038573,Derius Davis,WR,LAC,DEN,1.0,-3.5,42.5,33,0.0,1.8,10.3,3.0,3.0,1.0,,WR6
00-0035594,Travis Homer,RB,PIT,IND,1.0,2.5,44.5,42,0.1,2.1,9.4,3.0,3.0,1.0,,RB3
00-0039589,Kameron Johnson,WR,TB,DAL,0.0,8.5,47.5,9,0.0,1.9,10.2,3.0,3.0,1.0,,WR5
00-0040782,Isaiah Bond,WR,CLE,NYJ,0.0,2.5,39.5,17,0.0,2.2,10.1,2.9,2.9,1.0,,WR4
00-0036187,Reggie Gilliam,RB,NE,LV,1.0,3.5,45.5,18,0.1,2.5,8.7,2.9,2.9,1.0,,
00-0031236,Brandin Cooks,WR,SF,SEA,0.0,2.5,46.5,170,0.0,2.6,11.1,2.9,2.9,1.0,,WR3
00-0039050,Payne Durham,TE,TB,DAL,0.0,8.5,47.5,16,0.0,2.0,8.8,2.9,2.9,1.0,,TE2
00-0039359,Cade Stover,TE,HOU,TEN,0.0,-7.5,37.5,21,0.0,2.2,8.6,2.9,2.9,1.0,,TE3
00-0041467,Lewis Bond,WR,HOU,TEN,0.0,-7.5,37.5,1,0.0,1.9,9.9,2.9,2.9,1.0,,
00-0037292,Andrew Ogletree,TE,IND,PIT,0.0,2.5,44.5,27,0.0,2.1,8.7,2.9,2.9,1.0,,TE3
00-0033246,Johnny Mundt,TE,PHI,JAX,0.0,7.0,42.5,57,0.0,2.2,9.0,2.9,2.9,1.0,,TE2
00-0036590,Quintin Morris,TE,JAX,PHI,1.0,7.0,42.5,20,0.0,2.0,8.3,2.9,2.9,1.0,,TE3
00-0034798,Durham Smythe,TE,BAL,ATL,0.0,3.5,43.5,86,0.0,2.1,8.8,2.9,2.9,1.0,,TE2
00-0033217,Mo Alie-Cox,TE,IND,PIT,0.0,2.5,44.5,99,0.0,2.4,9.3,2.9,2.9,1.0,,TE2
00-0041069,Colbie Young,WR,CIN,MIA,0.0,-7.0,42.5,2,0.0,1.8,9.7,2.8,2.8,1.0,,WR3
00-0040887,Josh Cuevas,TE,BAL,ATL,0.0,3.5,43.5,1,0.0,2.0,8.6,2.8,2.8,1.0,,TE4
00-0040215,Gavin Bartholomew,TE,MIN,NO,0.0,-1.5,42.5,1,0.0,1.9,8.1,2.8,2.8,1.0,,TE2
00-0038738,Hunter Luepke,RB,DAL,TB,1.0,8.5,47.5,33,0.0,1.7,8.8,2.8,2.8,1.0,,
00-0033576,Eric Saubert,TE,SEA,SF,1.0,2.5,46.5,47,0.0,2.2,8.8,2.7,2.7,1.0,,TE2
00-0040238,LeQuint Allen Jr.,RB,JAX,PHI,1.0,7.0,42.5,16,0.0,1.7,8.9,2.7,2.7,1.0,,RB3
00-0034365,Ian Thomas,TE,LV,NE,0.0,3.5,45.5,78,0.0,2.4,8.5,2.7,2.7,1.0,,TE3
00-0038409,Lew Nichols III,RB,PIT,IND,1.0,2.5,44.5,1,0.0,1.6,9.7,2.7,2.7,1.0,,
00-0031235,Odell Beckham Jr.,WR,NYG,WAS,0.0,3.5,43.5,119,0.0,2.0,10.3,2.6,2.6,1.0,,
00-0039518,Treyton Welch,TE,NO,MIN,1.0,-1.5,42.5,1,0.0,1.7,8.1,2.6,2.6,1.0,,TE4
00-0041041,Oscar Delp,TE,NO,MIN,1.0,-1.5,42.5,1,0.0,1.8,8.3,2.6,2.6,1.0,,TE3
